customer_id,monthly_charges,churn_probability,actual_churn,risk_level,value_level,segment
C0001,93.2,0.1416317364036663,Yes,Low Risk,High Value,Low Risk / High Value
C0002,38.18,0.4809460548668121,No,Medium Risk,Low Value,Medium Risk / Low Value
C0003,98.52,0.7210208512113937,No,High Risk,High Value,High Risk / High Value
C0004,50.46,0.37775736186923,Yes,Low Risk,Low Value,Low Risk / Low Value
C0005,72.01,0.6429568214057887,Yes,High Risk,High Value,High Risk / High Value
C0006,58.87,0.4545217329728784,Yes,Medium Risk,Low Value,Medium Risk / Low Value
C0007,39.87,0.5394738229961624,No,Medium Risk,Low Value,Medium Risk / Low Value
C0008,26.36,0.39662168241502954,No,Low Risk,Low Value,Low Risk / Low Value
C0009,97.1,0.7195649306134162,Yes,High Risk,High Value,High Risk / High Value
C0010,44.93,0.33062190088906107,Yes,Low Risk,Low Value,Low Risk / Low Value
C0011,41.84,0.6453218248031379,Yes,High Risk,Low Value,High Risk / Low Value
C0012,71.07,0.5526335251592339,Yes,Medium Risk,High Value,Medium Risk / High Value
C0013,116.24,0.263617162118096,Yes,Low Risk,High Value,Low Risk / High Value
C0014,34.49,0.5705288504847339,Yes,Medium Risk,Low Value,Medium Risk / Low Value
C0015,101.64,0.2992787090726205,Yes,Low Risk,High Value,Low Risk / High Value
C0016,29.62,0.3871990473760038,No,Low Risk,Low Value,Low Risk / Low Value
C0017,101.72,0.5749895439944195,Yes,Medium Risk,High Value,Medium Risk / High Value
C0018,109.71,0.6700092171312615,No,High Risk,High Value,High Risk / High Value
C0019,36.08,0.7804246102723759,Yes,High Risk,Low Value,High Risk / Low Value
C0020,85.76,0.25300893925835305,No,Low Risk,High Value,Low Risk / High Value
C0021,70.26,0.3634421507141913,No,Low Risk,Low Value,Low Risk / Low Value
C0022,111.49,0.2721704878495996,Yes,Low Risk,High Value,Low Risk / High Value
C0023,51.69,0.27961150484689923,No,Low Risk,Low Value,Low Risk / Low Value
C0024,52.26,0.5612396974493957,No,Medium Risk,Low Value,Medium Risk / Low Value
C0025,99.83,0.7190113652916238,Yes,High Risk,High Value,High Risk / High Value
C0026,74.26,0.5221342156107424,No,Medium Risk,High Value,Medium Risk / High Value
C0027,82.29,0.48764280742137533,No,Medium Risk,High Value,Medium Risk / High Value
C0028,47.08,0.22796574174894038,No,Low Risk,Low Value,Low Risk / Low Value
C0029,29.39,0.7042678924929805,Yes,High Risk,Low Value,High Risk / Low Value
C0030,32.02,0.5110087656177128,No,Medium Risk,Low Value,Medium Risk / Low Value
C0031,66.47,0.4782144231441546,No,Medium Risk,Low Value,Medium Risk / Low Value
C0032,81.59,0.38522087610920985,No,Low Risk,High Value,Low Risk / High Value
C0033,82.59,0.24622050331662107,No,Low Risk,High Value,Low Risk / High Value
C0034,88.16,0.49910574598725066,No,Medium Risk,High Value,Medium Risk / High Value
C0035,95.06,0.7009367817369752,Yes,High Risk,High Value,High Risk / High Value
C0036,95.45,0.3995077120124394,No,Low Risk,High Value,Low Risk / High Value
C0037,51.93,0.7293827586058309,Yes,High Risk,Low Value,High Risk / Low Value
C0038,98.96,0.37715099438369837,No,Low Risk,High Value,Low Risk / High Value
C0039,81.82,0.5280027943822063,Yes,Medium Risk,High Value,Medium Risk / High Value
C0040,57.06,0.7367218255310336,Yes,High Risk,Low Value,High Risk / Low Value
C0041,69.26,0.6347060673924038,Yes,High Risk,Low Value,High Risk / Low Value
C0042,28.29,0.4326946329625746,No,Medium Risk,Low Value,Medium Risk / Low Value
C0043,116.93,0.5588235656450441,No,Medium Risk,High Value,Medium Risk / High Value
C0044,65.57,0.1879561046332397,No,Low Risk,Low Value,Low Risk / Low Value
C0045,73.61,0.6428447792921894,No,High Risk,High Value,High Risk / High Value
C0046,113.27,0.4667930635504232,No,Medium Risk,High Value,Medium Risk / High Value
C0047,103.83,0.23118320072729195,No,Low Risk,High Value,Low Risk / High Value
C0048,114.48,0.4230658463856115,No,Medium Risk,High Value,Medium Risk / High Value
C0049,31.36,0.7365757785781881,No,High Risk,Low Value,High Risk / Low Value
C0050,22.88,0.807027254647697,Yes,High Risk,Low Value,High Risk / Low Value
C0051,54.83,0.10760301841815062,No,Low Risk,Low Value,Low Risk / Low Value
C0052,65.91,0.5224452500631741,No,Medium Risk,Low Value,Medium Risk / Low Value
C0053,38.19,0.42575456496283437,No,Medium Risk,Low Value,Medium Risk / Low Value
C0054,28.87,0.504815004229186,Yes,Medium Risk,Low Value,Medium Risk / Low Value
C0055,112.09,0.14598416924068747,Yes,Low Risk,High Value,Low Risk / High Value
C0056,66.25,0.2959515674631676,No,Low Risk,Low Value,Low Risk / Low Value
C0057,44.25,0.35900511595478196,Yes,Low Risk,Low Value,Low Risk / Low Value
C0058,98.92,0.4070383373881411,No,Medium Risk,High Value,Medium Risk / High Value
C0059,77.08,0.5508703288644814,No,Medium Risk,High Value,Medium Risk / High Value
C0060,37.34,0.5398775292199145,No,Medium Risk,Low Value,Medium Risk / Low Value
C0061,69.07,0.5012570643035291,Yes,Medium Risk,Low Value,Medium Risk / Low Value
C0062,93.62,0.825675383264928,Yes,High Risk,High Value,High Risk / High Value
C0063,74.86,0.4030921935934005,Yes,Medium Risk,High Value,Medium Risk / High Value
C0064,112.95,0.5477209715449838,No,Medium Risk,High Value,Medium Risk / High Value
C0065,33.98,0.10780269775103056,No,Low Risk,Low Value,Low Risk / Low Value
C0066,101.66,0.45780114044461295,Yes,Medium Risk,High Value,Medium Risk / High Value
C0067,110.65,0.420717129848413,Yes,Medium Risk,High Value,Medium Risk / High Value
C0068,35.17,0.32836572152029825,No,Low Risk,Low Value,Low Risk / Low Value
C0069,104.65,0.5655353343634278,No,Medium Risk,High Value,Medium Risk / High Value
C0070,45.18,0.5518137363097464,No,Medium Risk,Low Value,Medium Risk / Low Value
C0071,45.6,0.5095127069647136,Yes,Medium Risk,Low Value,Medium Risk / Low Value
C0072,93.64,0.8241043618488183,Yes,High Risk,High Value,High Risk / High Value
C0073,79.13,0.2686848308840035,No,Low Risk,High Value,Low Risk / High Value
C0074,54.7,0.5527945733283466,Yes,Medium Risk,Low Value,Medium Risk / Low Value
C0075,78.06,0.6109261701651406,Yes,High Risk,High Value,High Risk / High Value
C0076,50.99,0.6793666684455261,Yes,High Risk,Low Value,High Risk / Low Value
C0077,91.41,0.7314221608116137,No,High Risk,High Value,High Risk / High Value
C0078,109.74,0.6179268324961977,Yes,High Risk,High Value,High Risk / High Value
C0079,79.5,0.6920409584038052,No,High Risk,High Value,High Risk / High Value
C0080,86.81,0.5103865445908304,No,Medium Risk,High Value,Medium Risk / High Value
C0081,109.27,0.5368106336826706,No,Medium Risk,High Value,Medium Risk / High Value
C0082,49.45,0.6260727003519373,Yes,High Risk,Low Value,High Risk / Low Value
C0083,89.88,0.43201268247264923,Yes,Medium Risk,High Value,Medium Risk / High Value
C0084,101.51,0.6281003518198154,No,High Risk,High Value,High Risk / High Value
C0085,45.07,0.5917078092803955,Yes,Medium Risk,Low Value,Medium Risk / Low Value
C0086,80.32,0.3970064479275401,Yes,Low Risk,High Value,Low Risk / High Value
C0087,93.26,0.1303562350875201,No,Low Risk,High Value,Low Risk / High Value
C0088,27.51,0.6063945780610958,No,High Risk,Low Value,High Risk / Low Value
C0089,29.16,0.6388385466159775,No,High Risk,Low Value,High Risk / Low Value
C0090,110.34,0.13193995863256588,No,Low Risk,High Value,Low Risk / High Value
C0091,89.74,0.7862891304931076,Yes,High Risk,High Value,High Risk / High Value
C0092,56.47,0.6768033465165925,No,High Risk,Low Value,High Risk / Low Value
C0093,72.02,0.5617994417081024,No,Medium Risk,High Value,Medium Risk / High Value
C0094,25.27,0.5270780937454602,Yes,Medium Risk,Low Value,Medium Risk / Low Value
C0095,20.33,0.3002086740357634,Yes,Low Risk,Low Value,Low Risk / Low Value
C0096,32.44,0.6373076130250357,No,High Risk,Low Value,High Risk / Low Value
C0097,26.5,0.3926745228377619,Yes,Low Risk,Low Value,Low Risk / Low Value
C0098,100.08,0.35417711955774883,No,Low Risk,High Value,Low Risk / High Value
C0099,42.44,0.4757732702657711,Yes,Medium Risk,Low Value,Medium Risk / Low Value
C0100,106.21,0.30321486539158776,Yes,Low Risk,High Value,Low Risk / High Value
C0101,42.02,0.5571985686757244,No,Medium Risk,Low Value,Medium Risk / Low Value
C0102,46.7,0.3513846082702053,No,Low Risk,Low Value,Low Risk / Low Value
C0103,38.92,0.2964272223316353,Yes,Low Risk,Low Value,Low Risk / Low Value
C0104,70.75,0.24101098795326212,No,Low Risk,Low Value,Low Risk / Low Value
C0105,21.84,0.48057003730499004,Yes,Medium Risk,Low Value,Medium Risk / Low Value
C0106,26.74,0.2823963466311596,No,Low Risk,Low Value,Low Risk / Low Value
C0107,22.46,0.20016913402545836,No,Low Risk,Low Value,Low Risk / Low Value
C0108,72.7,0.176194284971467,No,Low Risk,High Value,Low Risk / High Value
C0109,105.74,0.4919878046803965,Yes,Medium Risk,High Value,Medium Risk / High Value
C0110,76.28,0.4612738198124123,No,Medium Risk,High Value,Medium Risk / High Value
C0111,49.42,0.556240231595979,No,Medium Risk,Low Value,Medium Risk / Low Value
C0112,36.08,0.5526662606628309,Yes,Medium Risk,Low Value,Medium Risk / Low Value
C0113,89.5,0.6930709085861432,Yes,High Risk,High Value,High Risk / High Value
C0114,90.25,0.30045278772085543,No,Low Risk,High Value,Low Risk / High Value
C0115,40.09,0.09280585549940597,No,Low Risk,Low Value,Low Risk / Low Value
C0116,113.52,0.7217472012411159,No,High Risk,High Value,High Risk / High Value
C0117,24.08,0.6608031424396374,No,High Risk,Low Value,High Risk / Low Value
C0118,98.97,0.6968050299912967,Yes,High Risk,High Value,High Risk / High Value
C0119,61.84,0.5898631315558572,Yes,Medium Risk,Low Value,Medium Risk / Low Value
C0120,74.33,0.7469681908808649,Yes,High Risk,High Value,High Risk / High Value
C0121,41.07,0.26423259865364884,No,Low Risk,Low Value,Low Risk / Low Value
C0122,105.44,0.7203869932607393,Yes,High Risk,High Value,High Risk / High Value
C0123,85.67,0.5425869205590796,Yes,Medium Risk,High Value,Medium Risk / High Value
C0124,34.58,0.5953954318272757,No,Medium Risk,Low Value,Medium Risk / Low Value
C0125,90.54,0.552597182129116,No,Medium Risk,High Value,Medium Risk / High Value
C0126,42.47,0.20607831307448882,No,Low Risk,Low Value,Low Risk / Low Value
C0127,78.01,0.16019845669661775,No,Low Risk,High Value,Low Risk / High Value
C0128,29.39,0.421077902482641,Yes,Medium Risk,Low Value,Medium Risk / Low Value
C0129,106.46,0.23739286643573512,No,Low Risk,High Value,Low Risk / High Value
C0130,119.94,0.38703368203260724,No,Low Risk,High Value,Low Risk / High Value
C0131,100.78,0.48947010108419875,Yes,Medium Risk,High Value,Medium Risk / High Value
C0132,58.04,0.3866525474592297,No,Low Risk,Low Value,Low Risk / Low Value
C0133,74.24,0.6673481600298463,Yes,High Risk,High Value,High Risk / High Value
C0134,74.94,0.6112619333469428,Yes,High Risk,High Value,High Risk / High Value
C0135,113.44,0.4954864654371652,Yes,Medium Risk,High Value,Medium Risk / High Value
C0136,59.99,0.46676943222780387,Yes,Medium Risk,Low Value,Medium Risk / Low Value
C0137,111.78,0.5313493736666954,No,Medium Risk,High Value,Medium Risk / High Value
C0138,84.66,0.3306299382129687,No,Low Risk,High Value,Low Risk / High Value
C0139,100.95,0.35382940305293054,Yes,Low Risk,High Value,Low Risk / High Value
C0140,43.02,0.4504469859184929,No,Medium Risk,Low Value,Medium Risk / Low Value
C0141,64.58,0.2625761634375213,Yes,Low Risk,Low Value,Low Risk / Low Value
C0142,52.34,0.43452952045203425,Yes,Medium Risk,Low Value,Medium Risk / Low Value
C0143,43.08,0.26261416418123884,Yes,Low Risk,Low Value,Low Risk / Low Value
C0144,116.17,0.6950049721938769,Yes,High Risk,High Value,High Risk / High Value
C0145,43.46,0.22260981783846104,Yes,Low Risk,Low Value,Low Risk / Low Value
C0146,102.61,0.6292942853338349,Yes,High Risk,High Value,High Risk / High Value
C0147,59.7,0.550742188401387,Yes,Medium Risk,Low Value,Medium Risk / Low Value
C0148,101.74,0.6219363716042441,Yes,High Risk,High Value,High Risk / High Value
C0149,115.73,0.8747163162899987,Yes,High Risk,High Value,High Risk / High Value
C0150,59.87,0.3447236546536307,Yes,Low Risk,Low Value,Low Risk / Low Value
C0151,107.61,0.3178791501991946,No,Low Risk,High Value,Low Risk / High Value
C0152,68.46,0.6959326352560445,Yes,High Risk,Low Value,High Risk / Low Value
C0153,70.94,0.8055634562241994,No,High Risk,Low Value,High Risk / Low Value
C0154,39.46,0.5578987473099877,Yes,Medium Risk,Low Value,Medium Risk / Low Value
C0155,33.71,0.26464434133488185,No,Low Risk,Low Value,Low Risk / Low Value
C0156,69.93,0.1442769995753141,No,Low Risk,Low Value,Low Risk / Low Value
C0157,115.62,0.44909358401209976,Yes,Medium Risk,High Value,Medium Risk / High Value
C0158,102.51,0.3555919217059811,No,Low Risk,High Value,Low Risk / High Value
C0159,24.78,0.4132015919854609,Yes,Medium Risk,Low Value,Medium Risk / Low Value
C0160,114.23,0.341420439063567,Yes,Low Risk,High Value,Low Risk / High Value
C0161,82.47,0.2681276057648311,No,Low Risk,High Value,Low Risk / High Value
C0162,49.28,0.5253031593147417,Yes,Medium Risk,Low Value,Medium Risk / Low Value
C0163,57.22,0.7738186877822336,Yes,High Risk,Low Value,High Risk / Low Value
C0164,101.59,0.8354658724159169,Yes,High Risk,High Value,High Risk / High Value
C0165,37.74,0.5496789460109586,No,Medium Risk,Low Value,Medium Risk / Low Value
C0166,93.28,0.41183760660465374,No,Medium Risk,High Value,Medium Risk / High Value
C0167,20.93,0.807846225796362,Yes,High Risk,Low Value,High Risk / Low Value
C0168,38.8,0.5606490433036436,No,Medium Risk,Low Value,Medium Risk / Low Value
C0169,52.69,0.3969653940904384,Yes,Low Risk,Low Value,Low Risk / Low Value
C0170,61.26,0.5658214428861623,Yes,Medium Risk,Low Value,Medium Risk / Low Value
C0171,78.0,0.7876493464546894,Yes,High Risk,High Value,High Risk / High Value
C0172,94.59,0.4069660016757037,Yes,Medium Risk,High Value,Medium Risk / High Value
C0173,113.31,0.2152927837390434,No,Low Risk,High Value,Low Risk / High Value
C0174,76.55,0.6293354817061522,No,High Risk,High Value,High Risk / High Value
C0175,42.55,0.34263080936511114,No,Low Risk,Low Value,Low Risk / Low Value
C0176,92.95,0.5816715565594188,Yes,Medium Risk,High Value,Medium Risk / High Value
C0177,47.57,0.6182756144733816,Yes,High Risk,Low Value,High Risk / Low Value
C0178,81.97,0.403933971729004,No,Medium Risk,High Value,Medium Risk / High Value
C0179,59.34,0.39488488877898964,No,Low Risk,Low Value,Low Risk / Low Value
C0180,114.7,0.37592462193066145,No,Low Risk,High Value,Low Risk / High Value
C0181,60.4,0.5326777995668585,No,Medium Risk,Low Value,Medium Risk / Low Value
C0182,66.23,0.43434553971261675,No,Medium Risk,Low Value,Medium Risk / Low Value
C0183,45.86,0.4288056545294671,Yes,Medium Risk,Low Value,Medium Risk / Low Value
C0184,97.2,0.11976907871293521,No,Low Risk,High Value,Low Risk / High Value
C0185,64.11,0.33695896026664435,Yes,Low Risk,Low Value,Low Risk / Low Value
C0186,72.02,0.21674326894498572,Yes,Low Risk,High Value,Low Risk / High Value
C0187,56.37,0.6666074113055506,Yes,High Risk,Low Value,High Risk / Low Value
C0188,68.54,0.18794273606095224,No,Low Risk,Low Value,Low Risk / Low Value
C0189,109.03,0.35589538866631965,No,Low Risk,High Value,Low Risk / High Value
C0190,65.93,0.3274365397268072,No,Low Risk,Low Value,Low Risk / Low Value
C0191,54.79,0.6865482029735234,Yes,High Risk,Low Value,High Risk / Low Value
C0192,87.62,0.605728394804268,Yes,High Risk,High Value,High Risk / High Value
C0193,71.27,0.2155157926144586,No,Low Risk,High Value,Low Risk / High Value
C0194,76.04,0.49997049296553636,Yes,Medium Risk,High Value,Medium Risk / High Value
C0195,22.72,0.38934252472107306,No,Low Risk,Low Value,Low Risk / Low Value
C0196,82.82,0.47910556463194004,Yes,Medium Risk,High Value,Medium Risk / High Value
C0197,79.84,0.5907804890427345,Yes,Medium Risk,High Value,Medium Risk / High Value
C0198,103.82,0.4207313901388382,Yes,Medium Risk,High Value,Medium Risk / High Value
C0199,72.52,0.27497172091556427,No,Low Risk,High Value,Low Risk / High Value
C0200,54.08,0.5421633461668555,Yes,Medium Risk,Low Value,Medium Risk / Low Value
C0201,117.08,0.36696009399007495,No,Low Risk,High Value,Low Risk / High Value
C0202,110.74,0.5866029852656981,Yes,Medium Risk,High Value,Medium Risk / High Value
C0203,105.41,0.7304163322243306,Yes,High Risk,High Value,High Risk / High Value
C0204,48.46,0.33864443630343016,Yes,Low Risk,Low Value,Low Risk / Low Value
C0205,58.99,0.6781338445888636,No,High Risk,Low Value,High Risk / Low Value
C0206,20.21,0.2869594030610525,Yes,Low Risk,Low Value,Low Risk / Low Value
C0207,74.96,0.39789740862515277,No,Low Risk,High Value,Low Risk / High Value
C0208,33.89,0.5025880835725203,Yes,Medium Risk,Low Value,Medium Risk / Low Value
C0209,49.5,0.5581461033534824,Yes,Medium Risk,Low Value,Medium Risk / Low Value
C0210,62.99,0.24789611458637936,No,Low Risk,Low Value,Low Risk / Low Value
C0211,51.89,0.4253799231275074,No,Medium Risk,Low Value,Medium Risk / Low Value
C0212,54.59,0.09497821060646378,No,Low Risk,Low Value,Low Risk / Low Value
C0213,56.46,0.3835281404869684,No,Low Risk,Low Value,Low Risk / Low Value
C0214,23.9,0.2539752192978022,No,Low Risk,Low Value,Low Risk / Low Value
C0215,51.4,0.29370515319893425,No,Low Risk,Low Value,Low Risk / Low Value
C0216,35.41,0.6281067807205705,Yes,High Risk,Low Value,High Risk / Low Value
C0217,43.5,0.37389091873264263,No,Low Risk,Low Value,Low Risk / Low Value
C0218,50.05,0.4413177957777913,Yes,Medium Risk,Low Value,Medium Risk / Low Value
C0219,79.91,0.20922789190500868,No,Low Risk,High Value,Low Risk / High Value
C0220,114.91,0.30180923134250554,No,Low Risk,High Value,Low Risk / High Value
C0221,111.87,0.596102331276435,No,Medium Risk,High Value,Medium Risk / High Value
C0222,25.95,0.1532824216812509,No,Low Risk,Low Value,Low Risk / Low Value
C0223,96.26,0.43382008840824476,No,Medium Risk,High Value,Medium Risk / High Value
C0224,99.34,0.5232688220931034,No,Medium Risk,High Value,Medium Risk / High Value
C0225,113.71,0.6428674510061757,Yes,High Risk,High Value,High Risk / High Value
C0226,50.61,0.6833550686852391,Yes,High Risk,Low Value,High Risk / Low Value
C0227,90.71,0.38838142246225854,Yes,Low Risk,High Value,Low Risk / High Value
C0228,52.15,0.09937245138952841,Yes,Low Risk,Low Value,Low Risk / Low Value
C0229,64.93,0.5410482561671649,Yes,Medium Risk,Low Value,Medium Risk / Low Value
C0230,34.29,0.5160103593022518,Yes,Medium Risk,Low Value,Medium Risk / Low Value
C0231,71.11,0.4955342548482174,Yes,Medium Risk,High Value,Medium Risk / High Value
C0232,56.02,0.529490335975649,No,Medium Risk,Low Value,Medium Risk / Low Value
C0233,88.7,0.4082135399549103,Yes,Medium Risk,High Value,Medium Risk / High Value
C0234,115.08,0.2619390903403341,No,Low Risk,High Value,Low Risk / High Value
C0235,31.1,0.4574852091629258,Yes,Medium Risk,Low Value,Medium Risk / Low Value
C0236,108.02,0.8094338389750151,No,High Risk,High Value,High Risk / High Value
C0237,91.32,0.6654142176311467,Yes,High Risk,High Value,High Risk / High Value
C0238,111.11,0.705903540903527,Yes,High Risk,High Value,High Risk / High Value
C0239,24.17,0.34060174537600857,Yes,Low Risk,Low Value,Low Risk / Low Value
C0240,56.77,0.5381609194751719,Yes,Medium Risk,Low Value,Medium Risk / Low Value
C0241,74.84,0.41142624387630006,No,Medium Risk,High Value,Medium Risk / High Value
C0242,113.74,0.28549671555042,No,Low Risk,High Value,Low Risk / High Value
C0243,76.13,0.26946082014057365,Yes,Low Risk,High Value,Low Risk / High Value
C0244,110.64,0.6712960793501267,No,High Risk,High Value,High Risk / High Value
C0245,20.78,0.518933865101209,No,Medium Risk,Low Value,Medium Risk / Low Value
C0246,100.7,0.8645867525135381,Yes,High Risk,High Value,High Risk / High Value
C0247,44.2,0.15144447449805967,No,Low Risk,Low Value,Low Risk / Low Value
C0248,27.31,0.29242752507498637,No,Low Risk,Low Value,Low Risk / Low Value
C0249,36.17,0.329705220539528,No,Low Risk,Low Value,Low Risk / Low Value
C0250,20.9,0.4899094322174805,No,Medium Risk,Low Value,Medium Risk / Low Value
C0251,22.92,0.7228090102683247,Yes,High Risk,Low Value,High Risk / Low Value
C0252,59.25,0.5859686790188665,Yes,Medium Risk,Low Value,Medium Risk / Low Value
C0253,110.22,0.1978459307298761,No,Low Risk,High Value,Low Risk / High Value
C0254,78.16,0.20295573171199588,No,Low Risk,High Value,Low Risk / High Value
C0255,98.04,0.7835523653367061,Yes,High Risk,High Value,High Risk / High Value
C0256,107.95,0.5331602701083834,Yes,Medium Risk,High Value,Medium Risk / High Value
C0257,24.54,0.4413440560386747,Yes,Medium Risk,Low Value,Medium Risk / Low Value
C0258,40.36,0.83057547368651,Yes,High Risk,Low Value,High Risk / Low Value
C0259,80.96,0.3406627611147414,No,Low Risk,High Value,Low Risk / High Value
C0260,79.06,0.5069585843987132,No,Medium Risk,High Value,Medium Risk / High Value
C0261,49.66,0.46662348595957526,Yes,Medium Risk,Low Value,Medium Risk / Low Value
C0262,66.17,0.46553334995782863,Yes,Medium Risk,Low Value,Medium Risk / Low Value
C0263,31.89,0.6303967153578052,Yes,High Risk,Low Value,High Risk / Low Value
C0264,98.22,0.6519213112815786,Yes,High Risk,High Value,High Risk / High Value
C0265,62.96,0.490236705336387,No,Medium Risk,Low Value,Medium Risk / Low Value
C0266,82.5,0.5809829017398028,No,Medium Risk,High Value,Medium Risk / High Value
C0267,50.68,0.6738432219308688,Yes,High Risk,Low Value,High Risk / Low Value
C0268,27.21,0.2897911720228233,No,Low Risk,Low Value,Low Risk / Low Value
C0269,47.63,0.689171777844655,Yes,High Risk,Low Value,High Risk / Low Value
C0270,71.97,0.6860261678590132,No,High Risk,High Value,High Risk / High Value
C0271,112.55,0.7561976437124687,No,High Risk,High Value,High Risk / High Value
C0272,90.66,0.26293776510015354,No,Low Risk,High Value,Low Risk / High Value
C0273,108.3,0.34344362435216585,No,Low Risk,High Value,Low Risk / High Value
C0274,92.57,0.7308000218133752,Yes,High Risk,High Value,High Risk / High Value
C0275,45.87,0.6013837574397042,Yes,High Risk,Low Value,High Risk / Low Value
C0276,107.75,0.47692251312288236,Yes,Medium Risk,High Value,Medium Risk / High Value
C0277,87.29,0.3115621650372824,No,Low Risk,High Value,Low Risk / High Value
C0278,118.77,0.6124991086523185,No,High Risk,High Value,High Risk / High Value
C0279,98.74,0.7301752509166046,Yes,High Risk,High Value,High Risk / High Value
C0280,64.39,0.466341503389891,No,Medium Risk,Low Value,Medium Risk / Low Value
C0281,46.02,0.21391093171110734,No,Low Risk,Low Value,Low Risk / Low Value
C0282,50.98,0.5918028717341847,Yes,Medium Risk,Low Value,Medium Risk / Low Value
C0283,52.67,0.2751861175967467,Yes,Low Risk,Low Value,Low Risk / Low Value
C0284,87.69,0.35564448301921114,No,Low Risk,High Value,Low Risk / High Value
C0285,94.06,0.7945701267052142,No,High Risk,High Value,High Risk / High Value
C0286,78.21,0.2770407742440079,No,Low Risk,High Value,Low Risk / High Value
C0287,62.89,0.7974971935356703,Yes,High Risk,Low Value,High Risk / Low Value
C0288,31.72,0.22069874170219136,No,Low Risk,Low Value,Low Risk / Low Value
C0289,99.28,0.5731026814103973,Yes,Medium Risk,High Value,Medium Risk / High Value
C0290,102.14,0.1689529252897024,No,Low Risk,High Value,Low Risk / High Value
C0291,58.78,0.7189941187474629,No,High Risk,Low Value,High Risk / Low Value
C0292,65.05,0.13023236295788423,No,Low Risk,Low Value,Low Risk / Low Value
C0293,57.45,0.16970566234857998,Yes,Low Risk,Low Value,Low Risk / Low Value
C0294,24.87,0.6611060261362981,Yes,High Risk,Low Value,High Risk / Low Value
C0295,58.66,0.16297481609121267,No,Low Risk,Low Value,Low Risk / Low Value
C0296,67.39,0.3877878405021832,No,Low Risk,Low Value,Low Risk / Low Value
C0297,27.7,0.5260116149436265,Yes,Medium Risk,Low Value,Medium Risk / Low Value
C0298,52.45,0.25000801773526554,No,Low Risk,Low Value,Low Risk / Low Value
C0299,98.67,0.36671213933026026,Yes,Low Risk,High Value,Low Risk / High Value
C0300,105.81,0.6394282264982667,No,High Risk,High Value,High Risk / High Value
C0301,116.73,0.4788123464467127,Yes,Medium Risk,High Value,Medium Risk / High Value
C0302,22.24,0.7677705667926895,No,High Risk,Low Value,High Risk / Low Value
C0303,23.89,0.3363644336815427,No,Low Risk,Low Value,Low Risk / Low Value
C0304,90.74,0.5894832340664831,Yes,Medium Risk,High Value,Medium Risk / High Value
C0305,84.95,0.3748869737143054,Yes,Low Risk,High Value,Low Risk / High Value
C0306,25.44,0.5073080578725814,No,Medium Risk,Low Value,Medium Risk / Low Value
C0307,114.87,0.6418691674387783,Yes,High Risk,High Value,High Risk / High Value
C0308,108.16,0.34717166421716655,Yes,Low Risk,High Value,Low Risk / High Value
C0309,111.57,0.5852990295984992,No,Medium Risk,High Value,Medium Risk / High Value
C0310,41.62,0.6563187315984069,No,High Risk,Low Value,High Risk / Low Value
C0311,109.19,0.5792358076639662,Yes,Medium Risk,High Value,Medium Risk / High Value
C0312,72.99,0.40429490023415393,Yes,Medium Risk,High Value,Medium Risk / High Value
C0313,56.56,0.14775895323077515,Yes,Low Risk,Low Value,Low Risk / Low Value
C0314,50.24,0.6937230972607357,Yes,High Risk,Low Value,High Risk / Low Value
C0315,118.42,0.7832227060618475,No,High Risk,High Value,High Risk / High Value
C0316,24.5,0.71208680242518,Yes,High Risk,Low Value,High Risk / Low Value
C0317,85.81,0.31015427748618696,No,Low Risk,High Value,Low Risk / High Value
C0318,77.93,0.49557535802673,No,Medium Risk,High Value,Medium Risk / High Value
C0319,41.87,0.4301898029127774,Yes,Medium Risk,Low Value,Medium Risk / Low Value
C0320,28.7,0.7392561372248849,Yes,High Risk,Low Value,High Risk / Low Value
C0321,82.35,0.25370963052511236,No,Low Risk,High Value,Low Risk / High Value
C0322,40.75,0.7190132510684664,Yes,High Risk,Low Value,High Risk / Low Value
C0323,96.94,0.2794088798947103,No,Low Risk,High Value,Low Risk / High Value
C0324,70.13,0.5902989562177792,Yes,Medium Risk,Low Value,Medium Risk / Low Value
C0325,92.46,0.6827213797955477,Yes,High Risk,High Value,High Risk / High Value
C0326,75.65,0.8422237334549002,No,High Risk,High Value,High Risk / High Value
C0327,53.22,0.6561877327091429,No,High Risk,Low Value,High Risk / Low Value
C0328,111.29,0.7015440765390261,Yes,High Risk,High Value,High Risk / High Value
C0329,46.1,0.6181421090026276,Yes,High Risk,Low Value,High Risk / Low Value
C0330,35.05,0.4602053117405914,No,Medium Risk,Low Value,Medium Risk / Low Value
C0331,31.48,0.5457026148149099,No,Medium Risk,Low Value,Medium Risk / Low Value
C0332,89.11,0.631553995147958,Yes,High Risk,High Value,High Risk / High Value
C0333,114.99,0.543537460214801,No,Medium Risk,High Value,Medium Risk / High Value
C0334,30.59,0.36024071607604274,No,Low Risk,Low Value,Low Risk / Low Value
C0335,27.57,0.5538279547218632,Yes,Medium Risk,Low Value,Medium Risk / Low Value
C0336,76.8,0.659729594177613,Yes,High Risk,High Value,High Risk / High Value
C0337,89.2,0.5875616199203972,Yes,Medium Risk,High Value,Medium Risk / High Value
C0338,25.18,0.6440455507486577,Yes,High Risk,Low Value,High Risk / Low Value
C0339,98.15,0.1545017739435729,No,Low Risk,High Value,Low Risk / High Value
C0340,85.42,0.4431392399094843,No,Medium Risk,High Value,Medium Risk / High Value
C0341,55.47,0.5672529948722627,Yes,Medium Risk,Low Value,Medium Risk / Low Value
C0342,87.58,0.4242192032371424,Yes,Medium Risk,High Value,Medium Risk / High Value
C0343,43.14,0.4490166226833718,Yes,Medium Risk,Low Value,Medium Risk / Low Value
C0344,73.13,0.5302889685463484,Yes,Medium Risk,High Value,Medium Risk / High Value
C0345,70.05,0.526763376357891,Yes,Medium Risk,Low Value,Medium Risk / Low Value
C0346,89.67,0.252853932496104,No,Low Risk,High Value,Low Risk / High Value
C0347,98.02,0.6268694972493734,Yes,High Risk,High Value,High Risk / High Value
C0348,111.69,0.6250016327857827,Yes,High Risk,High Value,High Risk / High Value
C0349,35.96,0.3098574582628504,No,Low Risk,Low Value,Low Risk / Low Value
C0350,41.37,0.1275536224413764,Yes,Low Risk,Low Value,Low Risk / Low Value
C0351,117.38,0.4723127555275892,Yes,Medium Risk,High Value,Medium Risk / High Value
C0352,100.56,0.21574279053093937,No,Low Risk,High Value,Low Risk / High Value
C0353,95.25,0.7730085567635242,Yes,High Risk,High Value,High Risk / High Value
C0354,35.39,0.21109752770898496,No,Low Risk,Low Value,Low Risk / Low Value
C0355,84.15,0.7052581817436318,No,High Risk,High Value,High Risk / High Value
C0356,102.44,0.48785677250308174,No,Medium Risk,High Value,Medium Risk / High Value
C0357,36.91,0.724189344587593,Yes,High Risk,Low Value,High Risk / Low Value
C0358,70.07,0.2841349929210015,No,Low Risk,Low Value,Low Risk / Low Value
C0359,98.09,0.46404225031156393,Yes,Medium Risk,High Value,Medium Risk / High Value
C0360,80.32,0.6452148376916762,Yes,High Risk,High Value,High Risk / High Value
C0361,85.04,0.5715867928113804,Yes,Medium Risk,High Value,Medium Risk / High Value
C0362,45.86,0.797435080693936,Yes,High Risk,Low Value,High Risk / Low Value
C0363,77.69,0.3948822146003324,Yes,Low Risk,High Value,Low Risk / High Value
C0364,49.34,0.3456776935850353,Yes,Low Risk,Low Value,Low Risk / Low Value
C0365,86.18,0.6134538774311649,Yes,High Risk,High Value,High Risk / High Value
C0366,103.15,0.7214585153807362,Yes,High Risk,High Value,High Risk / High Value
C0367,34.82,0.5053331408390466,No,Medium Risk,Low Value,Medium Risk / Low Value
C0368,42.57,0.26782089117328106,No,Low Risk,Low Value,Low Risk / Low Value
C0369,101.25,0.35103821953622943,No,Low Risk,High Value,Low Risk / High Value
C0370,89.34,0.4335321149473811,No,Medium Risk,High Value,Medium Risk / High Value
C0371,99.65,0.40719379957487456,Yes,Medium Risk,High Value,Medium Risk / High Value
C0372,67.42,0.11410334633085825,No,Low Risk,Low Value,Low Risk / Low Value
C0373,117.7,0.5269093138019049,Yes,Medium Risk,High Value,Medium Risk / High Value
C0374,72.97,0.3152158418104439,No,Low Risk,High Value,Low Risk / High Value
C0375,75.05,0.5972162882916626,Yes,Medium Risk,High Value,Medium Risk / High Value
C0376,30.63,0.7347435911210688,Yes,High Risk,Low Value,High Risk / Low Value
C0377,61.5,0.36024178344134533,Yes,Low Risk,Low Value,Low Risk / Low Value
C0378,87.56,0.7501159178266175,Yes,High Risk,High Value,High Risk / High Value
C0379,27.93,0.5542900612841034,No,Medium Risk,Low Value,Medium Risk / Low Value
C0380,95.51,0.33291007968008196,Yes,Low Risk,High Value,Low Risk / High Value
C0381,118.77,0.5313351071416799,Yes,Medium Risk,High Value,Medium Risk / High Value
C0382,98.59,0.6493145336672193,Yes,High Risk,High Value,High Risk / High Value
C0383,79.95,0.3846248644387937,Yes,Low Risk,High Value,Low Risk / High Value
C0384,113.54,0.704942539812887,Yes,High Risk,High Value,High Risk / High Value
C0385,101.96,0.5869779178149103,Yes,Medium Risk,High Value,Medium Risk / High Value
C0386,58.67,0.6243341571281564,Yes,High Risk,Low Value,High Risk / Low Value
C0387,77.39,0.5396009543659224,No,Medium Risk,High Value,Medium Risk / High Value
C0388,114.6,0.5179493630631431,Yes,Medium Risk,High Value,Medium Risk / High Value
C0389,88.43,0.16946242997100316,No,Low Risk,High Value,Low Risk / High Value
C0390,61.54,0.5052872060164739,Yes,Medium Risk,Low Value,Medium Risk / Low Value
C0391,29.7,0.6952226807343009,No,High Risk,Low Value,High Risk / Low Value
C0392,119.25,0.48684959483156837,Yes,Medium Risk,High Value,Medium Risk / High Value
C0393,93.09,0.6978653959109838,Yes,High Risk,High Value,High Risk / High Value
C0394,60.27,0.5533166343087854,Yes,Medium Risk,Low Value,Medium Risk / Low Value
C0395,119.15,0.18979399782332695,No,Low Risk,High Value,Low Risk / High Value
C0396,75.35,0.684410715081147,Yes,High Risk,High Value,High Risk / High Value
C0397,93.5,0.42895552672944964,Yes,Medium Risk,High Value,Medium Risk / High Value
C0398,48.56,0.3303273249225782,No,Low Risk,Low Value,Low Risk / Low Value
C0399,39.63,0.23617526912676323,No,Low Risk,Low Value,Low Risk / Low Value
C0400,36.46,0.709621090832399,Yes,High Risk,Low Value,High Risk / Low Value
C0401,97.27,0.37490847688814827,No,Low Risk,High Value,Low Risk / High Value
C0402,53.28,0.6324432433798755,Yes,High Risk,Low Value,High Risk / Low Value
C0403,51.97,0.3305258014443661,Yes,Low Risk,Low Value,Low Risk / Low Value
C0404,88.05,0.6860912858046603,Yes,High Risk,High Value,High Risk / High Value
C0405,25.45,0.4956651755299873,No,Medium Risk,Low Value,Medium Risk / Low Value
C0406,59.83,0.29482784040225396,No,Low Risk,Low Value,Low Risk / Low Value
C0407,84.16,0.4991402053782024,No,Medium Risk,High Value,Medium Risk / High Value
C0408,107.13,0.1576675335296044,No,Low Risk,High Value,Low Risk / High Value
C0409,50.6,0.4271421759450279,No,Medium Risk,Low Value,Medium Risk / Low Value
C0410,98.32,0.7897938972915712,Yes,High Risk,High Value,High Risk / High Value
C0411,41.77,0.15678634803822203,No,Low Risk,Low Value,Low Risk / Low Value
C0412,102.96,0.1626303587202373,Yes,Low Risk,High Value,Low Risk / High Value
C0413,52.61,0.41205480063884314,No,Medium Risk,Low Value,Medium Risk / Low Value
C0414,21.07,0.5259553329478616,Yes,Medium Risk,Low Value,Medium Risk / Low Value
C0415,33.84,0.25418345128682246,No,Low Risk,Low Value,Low Risk / Low Value
C0416,87.35,0.11924718870429545,No,Low Risk,High Value,Low Risk / High Value
C0417,57.64,0.7953865809043045,Yes,High Risk,Low Value,High Risk / Low Value
C0418,107.62,0.35420831635777406,No,Low Risk,High Value,Low Risk / High Value
C0419,119.43,0.45513987085231983,No,Medium Risk,High Value,Medium Risk / High Value
C0420,106.14,0.5489743206383256,Yes,Medium Risk,High Value,Medium Risk / High Value
C0421,59.86,0.0733914267426847,No,Low Risk,Low Value,Low Risk / Low Value
C0422,50.78,0.45428825275307166,No,Medium Risk,Low Value,Medium Risk / Low Value
C0423,73.7,0.31272085707920017,No,Low Risk,High Value,Low Risk / High Value
C0424,52.63,0.4094788061967887,No,Medium Risk,Low Value,Medium Risk / Low Value
C0425,41.23,0.6777810945662474,Yes,High Risk,Low Value,High Risk / Low Value
C0426,95.45,0.38313860517329124,No,Low Risk,High Value,Low Risk / High Value
C0427,60.15,0.3659491869187363,Yes,Low Risk,Low Value,Low Risk / Low Value
C0428,114.78,0.4229353246189204,No,Medium Risk,High Value,Medium Risk / High Value
C0429,113.81,0.6650503775935246,No,High Risk,High Value,High Risk / High Value
C0430,79.65,0.49703857864952783,Yes,Medium Risk,High Value,Medium Risk / High Value
C0431,102.4,0.7059444716435469,Yes,High Risk,High Value,High Risk / High Value
C0432,105.37,0.2533130386397725,No,Low Risk,High Value,Low Risk / High Value
C0433,44.56,0.5320901476151216,No,Medium Risk,Low Value,Medium Risk / Low Value
C0434,107.66,0.5827993337971927,No,Medium Risk,High Value,Medium Risk / High Value
C0435,24.96,0.14874352754695633,No,Low Risk,Low Value,Low Risk / Low Value
C0436,111.72,0.4868027666838978,No,Medium Risk,High Value,Medium Risk / High Value
C0437,74.46,0.8298989685545314,Yes,High Risk,High Value,High Risk / High Value
C0438,86.17,0.5723007449451468,No,Medium Risk,High Value,Medium Risk / High Value
C0439,67.51,0.8063276120378188,Yes,High Risk,Low Value,High Risk / Low Value
C0440,33.84,0.7546415269300663,Yes,High Risk,Low Value,High Risk / Low Value
C0441,37.84,0.8032188702440168,No,High Risk,Low Value,High Risk / Low Value
C0442,88.04,0.5599173149690204,Yes,Medium Risk,High Value,Medium Risk / High Value
C0443,90.43,0.4293494312673685,Yes,Medium Risk,High Value,Medium Risk / High Value
C0444,50.28,0.7565002967886368,Yes,High Risk,Low Value,High Risk / Low Value
C0445,79.17,0.558471613227121,No,Medium Risk,High Value,Medium Risk / High Value
C0446,58.56,0.4772725843775134,Yes,Medium Risk,Low Value,Medium Risk / Low Value
C0447,103.64,0.5455649666884966,Yes,Medium Risk,High Value,Medium Risk / High Value
C0448,81.42,0.7695638013083477,Yes,High Risk,High Value,High Risk / High Value
C0449,118.12,0.7283758074896608,No,High Risk,High Value,High Risk / High Value
C0450,59.33,0.5693728931151382,Yes,Medium Risk,Low Value,Medium Risk / Low Value
C0451,106.86,0.22689941646672282,No,Low Risk,High Value,Low Risk / High Value
C0452,29.56,0.32281598458415756,No,Low Risk,Low Value,Low Risk / Low Value
C0453,29.96,0.39580587269157647,Yes,Low Risk,Low Value,Low Risk / Low Value
C0454,96.63,0.5745346977961427,Yes,Medium Risk,High Value,Medium Risk / High Value
C0455,87.64,0.3454418046207376,No,Low Risk,High Value,Low Risk / High Value
C0456,115.21,0.726268374286287,No,High Risk,High Value,High Risk / High Value
C0457,111.32,0.6366455514045929,Yes,High Risk,High Value,High Risk / High Value
C0458,53.22,0.6518530546699948,Yes,High Risk,Low Value,High Risk / Low Value
C0459,118.29,0.794899733321385,Yes,High Risk,High Value,High Risk / High Value
C0460,47.4,0.3261765393341845,No,Low Risk,Low Value,Low Risk / Low Value
C0461,31.82,0.49544387333396783,No,Medium Risk,Low Value,Medium Risk / Low Value
C0462,20.74,0.42180653803105395,Yes,Medium Risk,Low Value,Medium Risk / Low Value
C0463,106.44,0.36630338815846974,No,Low Risk,High Value,Low Risk / High Value
C0464,92.69,0.40024909001112197,No,Medium Risk,High Value,Medium Risk / High Value
C0465,39.27,0.512630581957757,No,Medium Risk,Low Value,Medium Risk / Low Value
C0466,68.52,0.1633771724771638,No,Low Risk,Low Value,Low Risk / Low Value
C0467,22.18,0.4141370071129279,Yes,Medium Risk,Low Value,Medium Risk / Low Value
C0468,73.55,0.4489990354753019,No,Medium Risk,High Value,Medium Risk / High Value
C0469,109.04,0.5443879161367303,Yes,Medium Risk,High Value,Medium Risk / High Value
C0470,63.96,0.45982043946775825,Yes,Medium Risk,Low Value,Medium Risk / Low Value
C0471,87.97,0.1602353324408699,No,Low Risk,High Value,Low Risk / High Value
C0472,115.58,0.3548490661105785,Yes,Low Risk,High Value,Low Risk / High Value
C0473,49.54,0.3824348985615607,Yes,Low Risk,Low Value,Low Risk / Low Value
C0474,53.58,0.5231310785741905,Yes,Medium Risk,Low Value,Medium Risk / Low Value
C0475,71.29,0.4224400865711841,No,Medium Risk,High Value,Medium Risk / High Value
C0476,33.14,0.5610538182795862,No,Medium Risk,Low Value,Medium Risk / Low Value
C0477,52.1,0.39775868831066047,No,Low Risk,Low Value,Low Risk / Low Value
C0478,91.12,0.3318993778590211,No,Low Risk,High Value,Low Risk / High Value
C0479,79.61,0.6193311487406682,No,High Risk,High Value,High Risk / High Value
C0480,39.91,0.6088639698046002,No,High Risk,Low Value,High Risk / Low Value
C0481,56.67,0.7466828821700038,Yes,High Risk,Low Value,High Risk / Low Value
C0482,94.66,0.6103327794824868,Yes,High Risk,High Value,High Risk / High Value
C0483,64.42,0.18522332488624288,No,Low Risk,Low Value,Low Risk / Low Value
C0484,65.8,0.7475357035651233,Yes,High Risk,Low Value,High Risk / Low Value
C0485,22.71,0.5546468856145702,Yes,Medium Risk,Low Value,Medium Risk / Low Value
C0486,36.36,0.559527830133197,No,Medium Risk,Low Value,Medium Risk / Low Value
C0487,100.68,0.4598579757228418,No,Medium Risk,High Value,Medium Risk / High Value
C0488,34.55,0.7302270754277014,No,High Risk,Low Value,High Risk / Low Value
C0489,41.99,0.29803126610149683,Yes,Low Risk,Low Value,Low Risk / Low Value
C0490,105.82,0.3737573916713865,No,Low Risk,High Value,Low Risk / High Value
C0491,54.78,0.36725037222577206,No,Low Risk,Low Value,Low Risk / Low Value
C0492,29.7,0.4744440119141421,Yes,Medium Risk,Low Value,Medium Risk / Low Value
C0493,111.39,0.6859141587997147,Yes,High Risk,High Value,High Risk / High Value
C0494,79.77,0.8246613592398782,Yes,High Risk,High Value,High Risk / High Value
C0495,55.19,0.27947817277203973,No,Low Risk,Low Value,Low Risk / Low Value
C0496,72.71,0.48471605136910445,No,Medium Risk,High Value,Medium Risk / High Value
C0497,40.29,0.5018528283693828,No,Medium Risk,Low Value,Medium Risk / Low Value
C0498,88.94,0.30174723675375587,Yes,Low Risk,High Value,Low Risk / High Value
C0499,52.23,0.18367620526777995,No,Low Risk,Low Value,Low Risk / Low Value
C0500,115.39,0.8442091239204329,Yes,High Risk,High Value,High Risk / High Value
C0501,42.23,0.13259645369332437,No,Low Risk,Low Value,Low Risk / Low Value
C0502,36.54,0.20405458339126778,No,Low Risk,Low Value,Low Risk / Low Value
C0503,110.7,0.4403715695750407,No,Medium Risk,High Value,Medium Risk / High Value
C0504,30.47,0.5042851309953965,Yes,Medium Risk,Low Value,Medium Risk / Low Value
C0505,55.41,0.14818359490670432,No,Low Risk,Low Value,Low Risk / Low Value
C0506,103.24,0.24992559675188117,No,Low Risk,High Value,Low Risk / High Value
C0507,98.07,0.6472649125179276,Yes,High Risk,High Value,High Risk / High Value
C0508,107.47,0.495768985057836,Yes,Medium Risk,High Value,Medium Risk / High Value
C0509,57.53,0.6563827331238578,Yes,High Risk,Low Value,High Risk / Low Value
C0510,101.97,0.36092575978275065,No,Low Risk,High Value,Low Risk / High Value
C0511,116.44,0.07681417992352307,No,Low Risk,High Value,Low Risk / High Value
C0512,61.62,0.66227323298556,No,High Risk,Low Value,High Risk / Low Value
C0513,90.86,0.26762290814217315,Yes,Low Risk,High Value,Low Risk / High Value
C0514,63.21,0.3342577666273806,No,Low Risk,Low Value,Low Risk / Low Value
C0515,107.35,0.5472501894180284,No,Medium Risk,High Value,Medium Risk / High Value
C0516,96.24,0.5329328877622486,No,Medium Risk,High Value,Medium Risk / High Value
C0517,93.22,0.7299527977584577,Yes,High Risk,High Value,High Risk / High Value
C0518,74.12,0.6863490458058211,No,High Risk,High Value,High Risk / High Value
C0519,65.11,0.4665524290921457,Yes,Medium Risk,Low Value,Medium Risk / Low Value
C0520,83.15,0.5265437928634502,Yes,Medium Risk,High Value,Medium Risk / High Value
C0521,112.66,0.7006514039659396,Yes,High Risk,High Value,High Risk / High Value
C0522,48.94,0.3389075810077606,No,Low Risk,Low Value,Low Risk / Low Value
C0523,88.47,0.42770770119377854,No,Medium Risk,High Value,Medium Risk / High Value
C0524,119.8,0.7290875538364429,Yes,High Risk,High Value,High Risk / High Value
C0525,33.4,0.4249623414842432,Yes,Medium Risk,Low Value,Medium Risk / Low Value
C0526,99.13,0.37758807549901047,No,Low Risk,High Value,Low Risk / High Value
C0527,21.7,0.25855612838482955,No,Low Risk,Low Value,Low Risk / Low Value
C0528,65.96,0.406968406509298,Yes,Medium Risk,Low Value,Medium Risk / Low Value
C0529,81.31,0.4310027500181923,No,Medium Risk,High Value,Medium Risk / High Value
C0530,93.5,0.6129248186910472,Yes,High Risk,High Value,High Risk / High Value
C0531,30.19,0.4570715436086889,No,Medium Risk,Low Value,Medium Risk / Low Value
C0532,58.51,0.14436752062726757,No,Low Risk,Low Value,Low Risk / Low Value
C0533,67.45,0.5747618116689411,No,Medium Risk,Low Value,Medium Risk / Low Value
C0534,113.45,0.6237228418249756,No,High Risk,High Value,High Risk / High Value
C0535,66.07,0.45186117606365955,Yes,Medium Risk,Low Value,Medium Risk / Low Value
C0536,69.75,0.6073313400371337,No,High Risk,Low Value,High Risk / Low Value
C0537,78.34,0.23634814765688997,Yes,Low Risk,High Value,Low Risk / High Value
C0538,43.44,0.5043747816259214,No,Medium Risk,Low Value,Medium Risk / Low Value
C0539,92.86,0.39182476429814456,Yes,Low Risk,High Value,Low Risk / High Value
C0540,86.7,0.550915178013422,No,Medium Risk,High Value,Medium Risk / High Value
C0541,30.84,0.6248243343846738,No,High Risk,Low Value,High Risk / Low Value
C0542,26.29,0.21836879569345635,Yes,Low Risk,Low Value,Low Risk / Low Value
C0543,45.47,0.8047490915297564,Yes,High Risk,Low Value,High Risk / Low Value
C0544,76.16,0.5904466334030152,Yes,Medium Risk,High Value,Medium Risk / High Value
C0545,49.72,0.3044759426284332,No,Low Risk,Low Value,Low Risk / Low Value
C0546,40.93,0.35235424913554886,No,Low Risk,Low Value,Low Risk / Low Value
C0547,108.88,0.43663680047985165,Yes,Medium Risk,High Value,Medium Risk / High Value
C0548,39.04,0.451637425892901,No,Medium Risk,Low Value,Medium Risk / Low Value
C0549,37.45,0.2538532724732594,Yes,Low Risk,Low Value,Low Risk / Low Value
C0550,95.69,0.2804743829517425,No,Low Risk,High Value,Low Risk / High Value
C0551,23.72,0.48137431219570315,No,Medium Risk,Low Value,Medium Risk / Low Value
C0552,106.36,0.7014995681466334,Yes,High Risk,High Value,High Risk / High Value
C0553,104.95,0.4952745758309101,Yes,Medium Risk,High Value,Medium Risk / High Value
C0554,50.29,0.6819084881796533,No,High Risk,Low Value,High Risk / Low Value
C0555,90.32,0.6398187600852575,No,High Risk,High Value,High Risk / High Value
C0556,68.38,0.14486894020435437,No,Low Risk,Low Value,Low Risk / Low Value
C0557,55.94,0.5756811558151255,Yes,Medium Risk,Low Value,Medium Risk / Low Value
C0558,44.31,0.40037833080799773,No,Medium Risk,Low Value,Medium Risk / Low Value
C0559,106.82,0.13398431041791653,No,Low Risk,High Value,Low Risk / High Value
C0560,104.85,0.6764193798509198,No,High Risk,High Value,High Risk / High Value
C0561,39.27,0.5343555165165061,No,Medium Risk,Low Value,Medium Risk / Low Value
C0562,84.56,0.5230486051804324,No,Medium Risk,High Value,Medium Risk / High Value
C0563,119.06,0.5348310643722268,No,Medium Risk,High Value,Medium Risk / High Value
C0564,108.86,0.5962036003515409,Yes,Medium Risk,High Value,Medium Risk / High Value
C0565,58.56,0.6257632771387611,Yes,High Risk,Low Value,High Risk / Low Value
C0566,96.68,0.16304351946056342,No,Low Risk,High Value,Low Risk / High Value
C0567,32.61,0.2859835854737211,No,Low Risk,Low Value,Low Risk / Low Value
C0568,75.17,0.7976941283620053,Yes,High Risk,High Value,High Risk / High Value
C0569,89.11,0.24667217825618137,No,Low Risk,High Value,Low Risk / High Value
C0570,84.75,0.3828169226693699,No,Low Risk,High Value,Low Risk / High Value
C0571,21.0,0.3602581558943848,No,Low Risk,Low Value,Low Risk / Low Value
C0572,116.6,0.42400707417444344,No,Medium Risk,High Value,Medium Risk / High Value
C0573,48.68,0.22518684003521378,No,Low Risk,Low Value,Low Risk / Low Value
C0574,92.72,0.12215098000373448,No,Low Risk,High Value,Low Risk / High Value
C0575,55.95,0.4895938593672061,No,Medium Risk,Low Value,Medium Risk / Low Value
C0576,38.85,0.3020663916268873,No,Low Risk,Low Value,Low Risk / Low Value
C0577,72.18,0.538834717644725,No,Medium Risk,High Value,Medium Risk / High Value
C0578,38.38,0.3464356115310646,No,Low Risk,Low Value,Low Risk / Low Value
C0579,108.13,0.7542657252728344,No,High Risk,High Value,High Risk / High Value
C0580,67.07,0.5465808853078769,Yes,Medium Risk,Low Value,Medium Risk / Low Value
C0581,45.2,0.6030293990770922,Yes,High Risk,Low Value,High Risk / Low Value
C0582,98.19,0.16568517411013678,No,Low Risk,High Value,Low Risk / High Value
C0583,72.45,0.6013565539734692,Yes,High Risk,High Value,High Risk / High Value
C0584,74.93,0.295333448241146,No,Low Risk,High Value,Low Risk / High Value
C0585,89.74,0.5024562741318024,No,Medium Risk,High Value,Medium Risk / High Value
C0586,61.8,0.5401761672346771,No,Medium Risk,Low Value,Medium Risk / Low Value
C0587,53.2,0.30091225114469,No,Low Risk,Low Value,Low Risk / Low Value
C0588,107.45,0.45235690309922877,Yes,Medium Risk,High Value,Medium Risk / High Value
C0589,40.78,0.5672684922371731,No,Medium Risk,Low Value,Medium Risk / Low Value
C0590,22.49,0.5326520227229229,No,Medium Risk,Low Value,Medium Risk / Low Value
C0591,63.87,0.2820471990402388,No,Low Risk,Low Value,Low Risk / Low Value
C0592,94.57,0.47113016154881765,Yes,Medium Risk,High Value,Medium Risk / High Value
C0593,86.45,0.5537462731768558,No,Medium Risk,High Value,Medium Risk / High Value
C0594,87.92,0.3890234405144224,No,Low Risk,High Value,Low Risk / High Value
C0595,119.92,0.4392566378772731,No,Medium Risk,High Value,Medium Risk / High Value
C0596,31.28,0.6752424138759342,Yes,High Risk,Low Value,High Risk / Low Value
C0597,68.19,0.5598606513893586,Yes,Medium Risk,Low Value,Medium Risk / Low Value
C0598,59.85,0.5387826160695331,Yes,Medium Risk,Low Value,Medium Risk / Low Value
C0599,66.44,0.7917172347092285,Yes,High Risk,Low Value,High Risk / Low Value
C0600,70.87,0.46813183516166973,No,Medium Risk,Low Value,Medium Risk / Low Value
C0601,25.99,0.3861408146734813,No,Low Risk,Low Value,Low Risk / Low Value
C0602,81.91,0.8093009010661233,No,High Risk,High Value,High Risk / High Value
C0603,60.13,0.3699904420894634,Yes,Low Risk,Low Value,Low Risk / Low Value
C0604,110.9,0.566209647815018,Yes,Medium Risk,High Value,Medium Risk / High Value
C0605,82.0,0.7015557540687757,Yes,High Risk,High Value,High Risk / High Value
C0606,105.45,0.4121694064804613,No,Medium Risk,High Value,Medium Risk / High Value
C0607,109.62,0.5313347869289965,No,Medium Risk,High Value,Medium Risk / High Value
C0608,57.72,0.11682901783122333,No,Low Risk,Low Value,Low Risk / Low Value
C0609,101.22,0.41144675045570606,No,Medium Risk,High Value,Medium Risk / High Value
C0610,29.35,0.6314617181990633,Yes,High Risk,Low Value,High Risk / Low Value
C0611,24.7,0.5504815533174144,No,Medium Risk,Low Value,Medium Risk / Low Value
C0612,108.75,0.7381979389316472,Yes,High Risk,High Value,High Risk / High Value
C0613,56.22,0.19661284634723278,Yes,Low Risk,Low Value,Low Risk / Low Value
C0614,97.12,0.10443942112201976,Yes,Low Risk,High Value,Low Risk / High Value
C0615,23.11,0.5636994487929143,No,Medium Risk,Low Value,Medium Risk / Low Value
C0616,38.68,0.4214566073494418,Yes,Medium Risk,Low Value,Medium Risk / Low Value
C0617,39.15,0.563826971669715,Yes,Medium Risk,Low Value,Medium Risk / Low Value
C0618,80.38,0.2657870786221969,No,Low Risk,High Value,Low Risk / High Value
C0619,119.68,0.3401278028984968,No,Low Risk,High Value,Low Risk / High Value
C0620,33.55,0.4084099151780136,Yes,Medium Risk,Low Value,Medium Risk / Low Value
C0621,66.01,0.49603392745420377,Yes,Medium Risk,Low Value,Medium Risk / Low Value
C0622,27.44,0.26445849866225357,No,Low Risk,Low Value,Low Risk / Low Value
C0623,84.81,0.8121214577614799,Yes,High Risk,High Value,High Risk / High Value
C0624,52.01,0.5410388221750458,Yes,Medium Risk,Low Value,Medium Risk / Low Value
C0625,86.41,0.665188572164254,No,High Risk,High Value,High Risk / High Value
C0626,21.08,0.46854696590700806,Yes,Medium Risk,Low Value,Medium Risk / Low Value
C0627,114.51,0.6497867925128313,No,High Risk,High Value,High Risk / High Value
C0628,114.58,0.6051622712984333,Yes,High Risk,High Value,High Risk / High Value
C0629,30.4,0.32882447725400493,No,Low Risk,Low Value,Low Risk / Low Value
C0630,82.92,0.566772929994556,No,Medium Risk,High Value,Medium Risk / High Value
C0631,94.97,0.5370296157239813,Yes,Medium Risk,High Value,Medium Risk / High Value
C0632,112.22,0.3962925214016062,No,Low Risk,High Value,Low Risk / High Value
C0633,33.11,0.8462862090273545,Yes,High Risk,Low Value,High Risk / Low Value
C0634,60.66,0.8069406569757123,Yes,High Risk,Low Value,High Risk / Low Value
C0635,113.77,0.49287537064256637,No,Medium Risk,High Value,Medium Risk / High Value
C0636,76.16,0.44915661546737146,No,Medium Risk,High Value,Medium Risk / High Value
C0637,97.96,0.3169582693982143,No,Low Risk,High Value,Low Risk / High Value
C0638,103.32,0.7113929522783222,Yes,High Risk,High Value,High Risk / High Value
C0639,60.88,0.14084703561497794,No,Low Risk,Low Value,Low Risk / Low Value
C0640,63.02,0.190925177496204,No,Low Risk,Low Value,Low Risk / Low Value
C0641,74.49,0.578799174391724,Yes,Medium Risk,High Value,Medium Risk / High Value
C0642,68.75,0.6715710531473077,Yes,High Risk,Low Value,High Risk / Low Value
C0643,98.93,0.7358590868727943,Yes,High Risk,High Value,High Risk / High Value
C0644,106.76,0.6684649886021137,Yes,High Risk,High Value,High Risk / High Value
C0645,75.37,0.11990838844251055,No,Low Risk,High Value,Low Risk / High Value
C0646,54.98,0.08495469841493264,Yes,Low Risk,Low Value,Low Risk / Low Value
C0647,118.49,0.6936494089838785,Yes,High Risk,High Value,High Risk / High Value
C0648,93.17,0.7214044727234206,Yes,High Risk,High Value,High Risk / High Value
C0649,36.36,0.42182321986093346,No,Medium Risk,Low Value,Medium Risk / Low Value
C0650,117.59,0.7849091618855957,No,High Risk,High Value,High Risk / High Value
C0651,50.14,0.4627183344435975,Yes,Medium Risk,Low Value,Medium Risk / Low Value
C0652,63.38,0.5022166476254755,No,Medium Risk,Low Value,Medium Risk / Low Value
C0653,85.31,0.5946138867215613,Yes,Medium Risk,High Value,Medium Risk / High Value
C0654,22.3,0.4121317845222897,No,Medium Risk,Low Value,Medium Risk / Low Value
C0655,90.79,0.6671186291124593,Yes,High Risk,High Value,High Risk / High Value
C0656,80.78,0.15641414637212653,No,Low Risk,High Value,Low Risk / High Value
C0657,81.42,0.39141155651907394,Yes,Low Risk,High Value,Low Risk / High Value
C0658,64.67,0.1867886355475993,No,Low Risk,Low Value,Low Risk / Low Value
C0659,30.94,0.0771446719179518,No,Low Risk,Low Value,Low Risk / Low Value
C0660,117.15,0.5309978602564766,No,Medium Risk,High Value,Medium Risk / High Value
C0661,116.16,0.6982462724354387,Yes,High Risk,High Value,High Risk / High Value
C0662,113.11,0.17511462165130715,Yes,Low Risk,High Value,Low Risk / High Value
C0663,90.13,0.2515260333011428,No,Low Risk,High Value,Low Risk / High Value
C0664,43.84,0.517225556357186,Yes,Medium Risk,Low Value,Medium Risk / Low Value
C0665,72.86,0.7573639815121974,No,High Risk,High Value,High Risk / High Value
C0666,23.77,0.12805089840721906,No,Low Risk,Low Value,Low Risk / Low Value
C0667,87.18,0.24643443811631935,No,Low Risk,High Value,Low Risk / High Value
C0668,24.78,0.29086521359505846,No,Low Risk,Low Value,Low Risk / Low Value
C0669,110.4,0.37448273290893586,No,Low Risk,High Value,Low Risk / High Value
C0670,44.53,0.4821058127642497,No,Medium Risk,Low Value,Medium Risk / Low Value
C0671,85.06,0.696801931162467,No,High Risk,High Value,High Risk / High Value
C0672,52.66,0.24657083383985232,No,Low Risk,Low Value,Low Risk / Low Value
C0673,79.18,0.2956379761770866,No,Low Risk,High Value,Low Risk / High Value
C0674,23.84,0.46667780635556605,No,Medium Risk,Low Value,Medium Risk / Low Value
C0675,108.28,0.4294325884671292,Yes,Medium Risk,High Value,Medium Risk / High Value
C0676,93.96,0.21975310522960506,No,Low Risk,High Value,Low Risk / High Value
C0677,32.68,0.5018654200762267,Yes,Medium Risk,Low Value,Medium Risk / Low Value
C0678,54.02,0.3207686608440317,Yes,Low Risk,Low Value,Low Risk / Low Value
C0679,89.53,0.6838920979964909,Yes,High Risk,High Value,High Risk / High Value
C0680,90.75,0.5527030541135108,No,Medium Risk,High Value,Medium Risk / High Value
C0681,77.98,0.2210615637843667,No,Low Risk,High Value,Low Risk / High Value
C0682,32.86,0.29098046260785815,No,Low Risk,Low Value,Low Risk / Low Value
C0683,77.72,0.7894222393816538,Yes,High Risk,High Value,High Risk / High Value
C0684,49.85,0.1910621717355761,Yes,Low Risk,Low Value,Low Risk / Low Value
C0685,48.68,0.29992755267869353,No,Low Risk,Low Value,Low Risk / Low Value
C0686,40.34,0.48474141733786597,Yes,Medium Risk,Low Value,Medium Risk / Low Value
C0687,91.95,0.43296836149243934,Yes,Medium Risk,High Value,Medium Risk / High Value
C0688,114.05,0.6397382584253356,No,High Risk,High Value,High Risk / High Value
C0689,76.07,0.6119012606288369,No,High Risk,High Value,High Risk / High Value
C0690,106.91,0.6002579205477647,Yes,High Risk,High Value,High Risk / High Value
C0691,50.32,0.5341567321528236,No,Medium Risk,Low Value,Medium Risk / Low Value
C0692,51.64,0.186420808844924,No,Low Risk,Low Value,Low Risk / Low Value
C0693,74.36,0.6954162953644429,No,High Risk,High Value,High Risk / High Value
C0694,59.41,0.5507602921064388,No,Medium Risk,Low Value,Medium Risk / Low Value
C0695,61.54,0.4822297930574659,Yes,Medium Risk,Low Value,Medium Risk / Low Value
C0696,86.92,0.22424711232704025,Yes,Low Risk,High Value,Low Risk / High Value
C0697,37.85,0.18865515909436345,No,Low Risk,Low Value,Low Risk / Low Value
C0698,31.31,0.7199778427372256,Yes,High Risk,Low Value,High Risk / Low Value
C0699,92.89,0.3668059699567949,No,Low Risk,High Value,Low Risk / High Value
C0700,23.86,0.25124585507197544,No,Low Risk,Low Value,Low Risk / Low Value
C0701,28.44,0.31702709122514205,No,Low Risk,Low Value,Low Risk / Low Value
C0702,88.83,0.5368349711363175,Yes,Medium Risk,High Value,Medium Risk / High Value
C0703,51.48,0.44302802009297737,Yes,Medium Risk,Low Value,Medium Risk / Low Value
C0704,76.85,0.23106645006481522,No,Low Risk,High Value,Low Risk / High Value
C0705,47.2,0.1138538888719725,No,Low Risk,Low Value,Low Risk / Low Value
C0706,102.16,0.3335891773982987,No,Low Risk,High Value,Low Risk / High Value
C0707,25.28,0.7209861120675397,Yes,High Risk,Low Value,High Risk / Low Value
C0708,111.16,0.5683843679772367,Yes,Medium Risk,High Value,Medium Risk / High Value
C0709,116.57,0.6318318656933195,Yes,High Risk,High Value,High Risk / High Value
C0710,45.0,0.16457374701844266,No,Low Risk,Low Value,Low Risk / Low Value
C0711,115.06,0.26123447163213764,No,Low Risk,High Value,Low Risk / High Value
C0712,39.11,0.7106686922294756,No,High Risk,Low Value,High Risk / Low Value
C0713,94.23,0.4960466981217787,Yes,Medium Risk,High Value,Medium Risk / High Value
C0714,72.98,0.6027478444271337,No,High Risk,High Value,High Risk / High Value
C0715,76.71,0.6232322119474356,Yes,High Risk,High Value,High Risk / High Value
C0716,57.39,0.10857138100436017,No,Low Risk,Low Value,Low Risk / Low Value
C0717,90.65,0.569002954404418,Yes,Medium Risk,High Value,Medium Risk / High Value
C0718,21.95,0.3692622232406675,No,Low Risk,Low Value,Low Risk / Low Value
C0719,39.8,0.20477626646115946,Yes,Low Risk,Low Value,Low Risk / Low Value
C0720,53.48,0.21890955841164747,No,Low Risk,Low Value,Low Risk / Low Value
C0721,76.7,0.4464836891278698,Yes,Medium Risk,High Value,Medium Risk / High Value
C0722,101.08,0.32683357137752395,Yes,Low Risk,High Value,Low Risk / High Value
C0723,100.43,0.11771528491912765,No,Low Risk,High Value,Low Risk / High Value
C0724,52.43,0.5994788154426939,No,Medium Risk,Low Value,Medium Risk / Low Value
C0725,65.33,0.41123167600955046,Yes,Medium Risk,Low Value,Medium Risk / Low Value
C0726,105.99,0.6255012531435296,Yes,High Risk,High Value,High Risk / High Value
C0727,80.48,0.2837780133679614,No,Low Risk,High Value,Low Risk / High Value
C0728,59.81,0.30631923521842397,No,Low Risk,Low Value,Low Risk / Low Value
C0729,71.04,0.6831414604400293,No,High Risk,High Value,High Risk / High Value
C0730,98.83,0.19259000411434116,No,Low Risk,High Value,Low Risk / High Value
C0731,84.0,0.39010387110518807,Yes,Low Risk,High Value,Low Risk / High Value
C0732,64.12,0.5718187527793478,Yes,Medium Risk,Low Value,Medium Risk / Low Value
C0733,66.25,0.33495388481696603,Yes,Low Risk,Low Value,Low Risk / Low Value
C0734,101.12,0.4873871456514204,No,Medium Risk,High Value,Medium Risk / High Value
C0735,73.09,0.561959995975962,No,Medium Risk,High Value,Medium Risk / High Value
C0736,81.83,0.35461603362252614,No,Low Risk,High Value,Low Risk / High Value
C0737,62.34,0.3717929498242725,No,Low Risk,Low Value,Low Risk / Low Value
C0738,96.67,0.20436719563644903,No,Low Risk,High Value,Low Risk / High Value
C0739,105.0,0.3864383215361363,Yes,Low Risk,High Value,Low Risk / High Value
C0740,65.22,0.543889789263308,No,Medium Risk,Low Value,Medium Risk / Low Value
C0741,33.03,0.5979229271158689,Yes,Medium Risk,Low Value,Medium Risk / Low Value
C0742,44.67,0.18440065666630961,No,Low Risk,Low Value,Low Risk / Low Value
C0743,76.51,0.22563062978672585,No,Low Risk,High Value,Low Risk / High Value
C0744,58.2,0.395419399252528,Yes,Low Risk,Low Value,Low Risk / Low Value
C0745,116.41,0.3254574458960546,No,Low Risk,High Value,Low Risk / High Value
C0746,69.0,0.5294265701479359,Yes,Medium Risk,Low Value,Medium Risk / Low Value
C0747,66.87,0.3673708083290762,No,Low Risk,Low Value,Low Risk / Low Value
C0748,86.51,0.18663918252281889,No,Low Risk,High Value,Low Risk / High Value
C0749,34.85,0.6134289345869494,Yes,High Risk,Low Value,High Risk / Low Value
C0750,89.76,0.42741603384481797,Yes,Medium Risk,High Value,Medium Risk / High Value
C0751,48.54,0.6059949690707763,Yes,High Risk,Low Value,High Risk / Low Value
C0752,104.57,0.3776741498054063,Yes,Low Risk,High Value,Low Risk / High Value
C0753,45.7,0.4538298364526045,No,Medium Risk,Low Value,Medium Risk / Low Value
C0754,48.69,0.44805927517206273,Yes,Medium Risk,Low Value,Medium Risk / Low Value
C0755,42.15,0.31385282373376383,No,Low Risk,Low Value,Low Risk / Low Value
C0756,20.87,0.21035359517220403,No,Low Risk,Low Value,Low Risk / Low Value
C0757,27.95,0.23742343958244386,No,Low Risk,Low Value,Low Risk / Low Value
C0758,71.15,0.45707741037278415,No,Medium Risk,High Value,Medium Risk / High Value
C0759,63.05,0.4274952920170187,Yes,Medium Risk,Low Value,Medium Risk / Low Value
C0760,55.81,0.37553509850346745,No,Low Risk,Low Value,Low Risk / Low Value
C0761,96.8,0.5178476642439797,No,Medium Risk,High Value,Medium Risk / High Value
C0762,20.82,0.27045589572569906,No,Low Risk,Low Value,Low Risk / Low Value
C0763,74.59,0.5938251814725737,No,Medium Risk,High Value,Medium Risk / High Value
C0764,59.47,0.39402869013822656,Yes,Low Risk,Low Value,Low Risk / Low Value
C0765,80.58,0.7843294699843854,Yes,High Risk,High Value,High Risk / High Value
C0766,106.35,0.21234210325649175,No,Low Risk,High Value,Low Risk / High Value
C0767,45.85,0.6635295068744861,Yes,High Risk,Low Value,High Risk / Low Value
C0768,48.41,0.6522670709662513,Yes,High Risk,Low Value,High Risk / Low Value
C0769,79.94,0.5078676304038726,No,Medium Risk,High Value,Medium Risk / High Value
C0770,39.69,0.5153365083003341,Yes,Medium Risk,Low Value,Medium Risk / Low Value
C0771,45.32,0.23824683825896786,No,Low Risk,Low Value,Low Risk / Low Value
C0772,73.53,0.4634390193050401,Yes,Medium Risk,High Value,Medium Risk / High Value
C0773,67.18,0.4406870384398468,No,Medium Risk,Low Value,Medium Risk / Low Value
C0774,33.7,0.4409004486173976,No,Medium Risk,Low Value,Medium Risk / Low Value
C0775,96.79,0.5189095158785517,Yes,Medium Risk,High Value,Medium Risk / High Value
C0776,65.96,0.5860623822116671,Yes,Medium Risk,Low Value,Medium Risk / Low Value
C0777,78.34,0.10282759146514686,No,Low Risk,High Value,Low Risk / High Value
C0778,49.89,0.4917009923239441,Yes,Medium Risk,Low Value,Medium Risk / Low Value
C0779,69.66,0.649393603920254,Yes,High Risk,Low Value,High Risk / Low Value
C0780,81.56,0.41606238836445314,Yes,Medium Risk,High Value,Medium Risk / High Value
C0781,76.02,0.5030637787853928,Yes,Medium Risk,High Value,Medium Risk / High Value
C0782,20.73,0.6464341248922972,Yes,High Risk,Low Value,High Risk / Low Value
C0783,25.19,0.7636538203842356,Yes,High Risk,Low Value,High Risk / Low Value
C0784,31.16,0.4607167443915237,No,Medium Risk,Low Value,Medium Risk / Low Value
C0785,77.09,0.6209387307829097,No,High Risk,High Value,High Risk / High Value
C0786,62.09,0.30106614744050253,Yes,Low Risk,Low Value,Low Risk / Low Value
C0787,51.44,0.2915636248371768,No,Low Risk,Low Value,Low Risk / Low Value
C0788,97.35,0.5266507986381086,No,Medium Risk,High Value,Medium Risk / High Value
C0789,86.15,0.46088883146440407,Yes,Medium Risk,High Value,Medium Risk / High Value
C0790,52.87,0.387035879178105,No,Low Risk,Low Value,Low Risk / Low Value
C0791,101.8,0.09784429977456746,No,Low Risk,High Value,Low Risk / High Value
C0792,113.19,0.8201187458860383,Yes,High Risk,High Value,High Risk / High Value
C0793,48.67,0.17649641316833345,No,Low Risk,Low Value,Low Risk / Low Value
C0794,107.15,0.6832914589393932,Yes,High Risk,High Value,High Risk / High Value
C0795,56.39,0.5235020196139949,Yes,Medium Risk,Low Value,Medium Risk / Low Value
C0796,45.68,0.19638009949173424,No,Low Risk,Low Value,Low Risk / Low Value
C0797,77.55,0.5395224544778333,No,Medium Risk,High Value,Medium Risk / High Value
C0798,102.47,0.5415935490720505,Yes,Medium Risk,High Value,Medium Risk / High Value
C0799,72.33,0.2880276893779498,Yes,Low Risk,High Value,Low Risk / High Value
C0800,24.14,0.10127199148197571,Yes,Low Risk,Low Value,Low Risk / Low Value
C0801,97.16,0.47214404238753394,Yes,Medium Risk,High Value,Medium Risk / High Value
C0802,72.78,0.20302494752340022,No,Low Risk,High Value,Low Risk / High Value
C0803,59.3,0.2771433760829584,No,Low Risk,Low Value,Low Risk / Low Value
C0804,75.22,0.38781279803709634,Yes,Low Risk,High Value,Low Risk / High Value
C0805,70.82,0.8033126868143817,Yes,High Risk,Low Value,High Risk / Low Value
C0806,51.83,0.5551564281921166,No,Medium Risk,Low Value,Medium Risk / Low Value
C0807,46.59,0.3650406670252165,No,Low Risk,Low Value,Low Risk / Low Value
C0808,39.15,0.405073583334441,No,Medium Risk,Low Value,Medium Risk / Low Value
C0809,75.46,0.5806099163438964,No,Medium Risk,High Value,Medium Risk / High Value
C0810,107.52,0.5102747198558495,No,Medium Risk,High Value,Medium Risk / High Value
C0811,83.14,0.7125863088128651,Yes,High Risk,High Value,High Risk / High Value
C0812,65.14,0.25820830608463546,No,Low Risk,Low Value,Low Risk / Low Value
C0813,35.41,0.22257595356626544,No,Low Risk,Low Value,Low Risk / Low Value
C0814,38.89,0.7345069134972172,Yes,High Risk,Low Value,High Risk / Low Value
C0815,97.49,0.5398303277845533,Yes,Medium Risk,High Value,Medium Risk / High Value
C0816,48.92,0.615693880299302,Yes,High Risk,Low Value,High Risk / Low Value
C0817,61.8,0.5794260723969761,No,Medium Risk,Low Value,Medium Risk / Low Value
C0818,73.83,0.7536136690011666,No,High Risk,High Value,High Risk / High Value
C0819,70.52,0.12698393309606826,No,Low Risk,Low Value,Low Risk / Low Value
C0820,75.53,0.5802025980574896,No,Medium Risk,High Value,Medium Risk / High Value
C0821,114.23,0.4052103294082602,Yes,Medium Risk,High Value,Medium Risk / High Value
C0822,37.42,0.43391455105371246,No,Medium Risk,Low Value,Medium Risk / Low Value
C0823,59.62,0.6959297287088387,Yes,High Risk,Low Value,High Risk / Low Value
C0824,38.86,0.5472743402387774,No,Medium Risk,Low Value,Medium Risk / Low Value
C0825,106.29,0.49564455422339004,Yes,Medium Risk,High Value,Medium Risk / High Value
C0826,91.51,0.14452298310634065,No,Low Risk,High Value,Low Risk / High Value
C0827,57.8,0.21819011756257098,Yes,Low Risk,Low Value,Low Risk / Low Value
C0828,60.72,0.6770547904806749,Yes,High Risk,Low Value,High Risk / Low Value
C0829,79.82,0.6144503513924359,Yes,High Risk,High Value,High Risk / High Value
C0830,104.42,0.7037904680014829,Yes,High Risk,High Value,High Risk / High Value
C0831,34.87,0.4796645465852078,No,Medium Risk,Low Value,Medium Risk / Low Value
C0832,99.27,0.511600235794272,No,Medium Risk,High Value,Medium Risk / High Value
C0833,86.18,0.8146747144421458,Yes,High Risk,High Value,High Risk / High Value
C0834,32.1,0.2699413008481094,No,Low Risk,Low Value,Low Risk / Low Value
C0835,20.78,0.4772080721251872,Yes,Medium Risk,Low Value,Medium Risk / Low Value
C0836,103.2,0.5367467518317657,Yes,Medium Risk,High Value,Medium Risk / High Value
C0837,115.01,0.4721029336383612,No,Medium Risk,High Value,Medium Risk / High Value
C0838,66.94,0.6185514296761981,Yes,High Risk,Low Value,High Risk / Low Value
C0839,118.89,0.519174785686589,No,Medium Risk,High Value,Medium Risk / High Value
C0840,79.32,0.49689797179435796,Yes,Medium Risk,High Value,Medium Risk / High Value
C0841,90.39,0.6039472998771092,Yes,High Risk,High Value,High Risk / High Value
C0842,44.88,0.4543896973604089,Yes,Medium Risk,Low Value,Medium Risk / Low Value
C0843,88.74,0.6776223529772657,Yes,High Risk,High Value,High Risk / High Value
C0844,26.85,0.7348318343186401,Yes,High Risk,Low Value,High Risk / Low Value
C0845,54.31,0.30133693847206766,No,Low Risk,Low Value,Low Risk / Low Value
C0846,40.54,0.689160545002519,Yes,High Risk,Low Value,High Risk / Low Value
C0847,39.05,0.16012026422623202,No,Low Risk,Low Value,Low Risk / Low Value
C0848,35.82,0.36847515650480406,No,Low Risk,Low Value,Low Risk / Low Value
C0849,70.1,0.2818733778813189,No,Low Risk,Low Value,Low Risk / Low Value
C0850,67.86,0.2257228455566173,Yes,Low Risk,Low Value,Low Risk / Low Value
C0851,50.54,0.47877229741968796,Yes,Medium Risk,Low Value,Medium Risk / Low Value
C0852,34.08,0.7343815861751594,Yes,High Risk,Low Value,High Risk / Low Value
C0853,103.56,0.5007307357699653,Yes,Medium Risk,High Value,Medium Risk / High Value
C0854,98.07,0.6092951036524648,Yes,High Risk,High Value,High Risk / High Value
C0855,84.77,0.6439295212109842,No,High Risk,High Value,High Risk / High Value
C0856,97.91,0.533900377959186,No,Medium Risk,High Value,Medium Risk / High Value
C0857,94.63,0.41810651146749417,No,Medium Risk,High Value,Medium Risk / High Value
C0858,99.25,0.3270462391918132,No,Low Risk,High Value,Low Risk / High Value
C0859,39.74,0.0942154570910595,Yes,Low Risk,Low Value,Low Risk / Low Value
C0860,38.04,0.09626836172594472,Yes,Low Risk,Low Value,Low Risk / Low Value
C0861,89.56,0.6659955789997305,No,High Risk,High Value,High Risk / High Value
C0862,68.81,0.7071372727638868,Yes,High Risk,Low Value,High Risk / Low Value
C0863,50.48,0.48719425189164595,No,Medium Risk,Low Value,Medium Risk / Low Value
C0864,66.04,0.18604701657396538,No,Low Risk,Low Value,Low Risk / Low Value
C0865,97.11,0.7641747219010949,Yes,High Risk,High Value,High Risk / High Value
C0866,105.9,0.1591285737807578,Yes,Low Risk,High Value,Low Risk / High Value
C0867,72.76,0.15758945862472065,No,Low Risk,High Value,Low Risk / High Value
C0868,86.55,0.6633979140437336,No,High Risk,High Value,High Risk / High Value
C0869,79.91,0.3864441058644905,No,Low Risk,High Value,Low Risk / High Value
C0870,87.34,0.6809571996183827,No,High Risk,High Value,High Risk / High Value
C0871,91.78,0.599579942817842,Yes,Medium Risk,High Value,Medium Risk / High Value
C0872,20.02,0.06370933689663073,No,Low Risk,Low Value,Low Risk / Low Value
C0873,110.77,0.6898275003469918,No,High Risk,High Value,High Risk / High Value
C0874,51.13,0.42750284118437737,No,Medium Risk,Low Value,Medium Risk / Low Value
C0875,39.89,0.3924947765212958,No,Low Risk,Low Value,Low Risk / Low Value
C0876,55.36,0.5705019582550425,Yes,Medium Risk,Low Value,Medium Risk / Low Value
C0877,20.02,0.40208473662482347,No,Medium Risk,Low Value,Medium Risk / Low Value
C0878,67.01,0.20836471383181884,No,Low Risk,Low Value,Low Risk / Low Value
C0879,67.92,0.3632617929757049,No,Low Risk,Low Value,Low Risk / Low Value
C0880,63.55,0.5296624584492143,Yes,Medium Risk,Low Value,Medium Risk / Low Value
C0881,96.3,0.7287662873606665,Yes,High Risk,High Value,High Risk / High Value
C0882,22.85,0.6795057613359554,Yes,High Risk,Low Value,High Risk / Low Value
C0883,109.51,0.3656469859232668,Yes,Low Risk,High Value,Low Risk / High Value
C0884,96.41,0.18725644969990354,No,Low Risk,High Value,Low Risk / High Value
C0885,67.71,0.7589209942512216,Yes,High Risk,Low Value,High Risk / Low Value
C0886,88.12,0.4950682881414795,Yes,Medium Risk,High Value,Medium Risk / High Value
C0887,25.68,0.6416373158201247,No,High Risk,Low Value,High Risk / Low Value
C0888,42.7,0.22842357882948006,No,Low Risk,Low Value,Low Risk / Low Value
C0889,118.14,0.5113168201506263,No,Medium Risk,High Value,Medium Risk / High Value
C0890,29.42,0.5646286543818959,No,Medium Risk,Low Value,Medium Risk / Low Value
C0891,103.73,0.7991752050833657,Yes,High Risk,High Value,High Risk / High Value
C0892,87.86,0.08609140338775785,No,Low Risk,High Value,Low Risk / High Value
C0893,104.51,0.19685349812534178,Yes,Low Risk,High Value,Low Risk / High Value
C0894,65.54,0.8133951153168885,Yes,High Risk,Low Value,High Risk / Low Value
C0895,33.99,0.45137780785547704,Yes,Medium Risk,Low Value,Medium Risk / Low Value
C0896,45.04,0.33830379205942057,Yes,Low Risk,Low Value,Low Risk / Low Value
C0897,66.09,0.765935524128198,Yes,High Risk,Low Value,High Risk / Low Value
C0898,92.29,0.33017173001456124,No,Low Risk,High Value,Low Risk / High Value
C0899,51.51,0.31470914258398236,No,Low Risk,Low Value,Low Risk / Low Value
C0900,46.18,0.617905232189017,Yes,High Risk,Low Value,High Risk / Low Value
C0901,74.61,0.6511006447458184,No,High Risk,High Value,High Risk / High Value
C0902,45.29,0.47244950845344846,No,Medium Risk,Low Value,Medium Risk / Low Value
C0903,86.91,0.6028153187368399,No,High Risk,High Value,High Risk / High Value
C0904,69.68,0.27639139009351166,No,Low Risk,Low Value,Low Risk / Low Value
C0905,30.81,0.5000323028418238,Yes,Medium Risk,Low Value,Medium Risk / Low Value
C0906,107.41,0.15488363160566446,No,Low Risk,High Value,Low Risk / High Value
C0907,43.57,0.16254572260384517,No,Low Risk,Low Value,Low Risk / Low Value
C0908,75.28,0.52135077382509,No,Medium Risk,High Value,Medium Risk / High Value
C0909,78.0,0.5230457698602166,No,Medium Risk,High Value,Medium Risk / High Value
C0910,34.21,0.4342813503206752,Yes,Medium Risk,Low Value,Medium Risk / Low Value
C0911,51.74,0.7238438383497349,No,High Risk,Low Value,High Risk / Low Value
C0912,64.81,0.5122559453859873,No,Medium Risk,Low Value,Medium Risk / Low Value
C0913,25.3,0.23889057112541473,No,Low Risk,Low Value,Low Risk / Low Value
C0914,44.6,0.34238468549239204,No,Low Risk,Low Value,Low Risk / Low Value
C0915,35.89,0.6022437000211005,No,High Risk,Low Value,High Risk / Low Value
C0916,113.8,0.5485384773605383,No,Medium Risk,High Value,Medium Risk / High Value
C0917,104.04,0.37446749839081267,No,Low Risk,High Value,Low Risk / High Value
C0918,58.87,0.3685914756610952,No,Low Risk,Low Value,Low Risk / Low Value
C0919,114.5,0.45482875429715586,No,Medium Risk,High Value,Medium Risk / High Value
C0920,36.82,0.39115619224066983,No,Low Risk,Low Value,Low Risk / Low Value
C0921,63.6,0.6021954425129711,Yes,High Risk,Low Value,High Risk / Low Value
C0922,45.23,0.4911043296619286,No,Medium Risk,Low Value,Medium Risk / Low Value
C0923,81.22,0.7508318952741277,Yes,High Risk,High Value,High Risk / High Value
C0924,91.92,0.3618160978914857,No,Low Risk,High Value,Low Risk / High Value
C0925,75.78,0.44904421107189885,No,Medium Risk,High Value,Medium Risk / High Value
C0926,91.41,0.655533993666086,Yes,High Risk,High Value,High Risk / High Value
C0927,67.9,0.4529526819529838,No,Medium Risk,Low Value,Medium Risk / Low Value
C0928,60.19,0.6113079399655992,Yes,High Risk,Low Value,High Risk / Low Value
C0929,29.1,0.11746699236027262,No,Low Risk,Low Value,Low Risk / Low Value
C0930,42.49,0.5980421773383711,Yes,Medium Risk,Low Value,Medium Risk / Low Value
C0931,67.72,0.22379242226413268,No,Low Risk,Low Value,Low Risk / Low Value
C0932,53.47,0.7613411269395708,Yes,High Risk,Low Value,High Risk / Low Value
C0933,107.12,0.4624990997462219,Yes,Medium Risk,High Value,Medium Risk / High Value
C0934,33.45,0.07612599162861983,No,Low Risk,Low Value,Low Risk / Low Value
C0935,77.91,0.44600382076197204,No,Medium Risk,High Value,Medium Risk / High Value
C0936,61.95,0.5517236761370674,No,Medium Risk,Low Value,Medium Risk / Low Value
C0937,51.86,0.749272523305005,Yes,High Risk,Low Value,High Risk / Low Value
C0938,71.25,0.621799902881172,Yes,High Risk,High Value,High Risk / High Value
C0939,97.18,0.5188580126427974,No,Medium Risk,High Value,Medium Risk / High Value
C0940,104.67,0.5112182977143456,No,Medium Risk,High Value,Medium Risk / High Value
C0941,57.07,0.22798625341078013,No,Low Risk,Low Value,Low Risk / Low Value
C0942,94.98,0.588935099944334,No,Medium Risk,High Value,Medium Risk / High Value
C0943,119.68,0.5372999019920371,No,Medium Risk,High Value,Medium Risk / High Value
C0944,56.42,0.5479761964400884,No,Medium Risk,Low Value,Medium Risk / Low Value
C0945,77.96,0.7447048294238676,Yes,High Risk,High Value,High Risk / High Value
C0946,38.27,0.4618341021247709,No,Medium Risk,Low Value,Medium Risk / Low Value
C0947,114.83,0.5516057188618203,Yes,Medium Risk,High Value,Medium Risk / High Value
C0948,64.25,0.6153675125353945,Yes,High Risk,Low Value,High Risk / Low Value
C0949,70.91,0.2008259302596815,No,Low Risk,Low Value,Low Risk / Low Value
C0950,103.72,0.801260723176744,No,High Risk,High Value,High Risk / High Value
C0951,31.8,0.5809303651037319,Yes,Medium Risk,Low Value,Medium Risk / Low Value
C0952,32.86,0.10627349156548598,Yes,Low Risk,Low Value,Low Risk / Low Value
C0953,70.67,0.690600658794594,Yes,High Risk,Low Value,High Risk / Low Value
C0954,105.53,0.7410978910106474,Yes,High Risk,High Value,High Risk / High Value
C0955,90.87,0.5327600314525909,No,Medium Risk,High Value,Medium Risk / High Value
C0956,72.51,0.36509164427252466,No,Low Risk,High Value,Low Risk / High Value
C0957,28.14,0.16542621201462296,No,Low Risk,Low Value,Low Risk / Low Value
C0958,37.52,0.6236203866235714,Yes,High Risk,Low Value,High Risk / Low Value
C0959,99.22,0.29583247205257773,No,Low Risk,High Value,Low Risk / High Value
C0960,105.9,0.22190113093307057,Yes,Low Risk,High Value,Low Risk / High Value
C0961,103.45,0.73008934317875,No,High Risk,High Value,High Risk / High Value
C0962,39.81,0.17479699725941175,No,Low Risk,Low Value,Low Risk / Low Value
C0963,118.17,0.31377638523868484,No,Low Risk,High Value,Low Risk / High Value
C0964,51.51,0.19015172949461576,No,Low Risk,Low Value,Low Risk / Low Value
C0965,35.88,0.4971284505136246,No,Medium Risk,Low Value,Medium Risk / Low Value
C0966,60.02,0.47648751070888046,No,Medium Risk,Low Value,Medium Risk / Low Value
C0967,112.67,0.6265344794551143,Yes,High Risk,High Value,High Risk / High Value
C0968,107.69,0.35976724102722574,Yes,Low Risk,High Value,Low Risk / High Value
C0969,59.79,0.17084378568016548,No,Low Risk,Low Value,Low Risk / Low Value
C0970,68.93,0.3426548436032903,No,Low Risk,Low Value,Low Risk / Low Value
C0971,89.56,0.40214074523889337,No,Medium Risk,High Value,Medium Risk / High Value
C0972,85.46,0.6313128214608814,Yes,High Risk,High Value,High Risk / High Value
C0973,85.12,0.5445529674866192,Yes,Medium Risk,High Value,Medium Risk / High Value
C0974,21.33,0.46841783847773477,No,Medium Risk,Low Value,Medium Risk / Low Value
C0975,96.94,0.6394074943604184,Yes,High Risk,High Value,High Risk / High Value
C0976,25.97,0.4438788899749898,Yes,Medium Risk,Low Value,Medium Risk / Low Value
C0977,40.95,0.37567714783422135,Yes,Low Risk,Low Value,Low Risk / Low Value
C0978,57.11,0.6114809542116276,No,High Risk,Low Value,High Risk / Low Value
C0979,114.01,0.3469380150801519,Yes,Low Risk,High Value,Low Risk / High Value
C0980,34.74,0.2417885816089683,No,Low Risk,Low Value,Low Risk / Low Value
C0981,37.96,0.176579397704192,No,Low Risk,Low Value,Low Risk / Low Value
C0982,28.6,0.5695801454806294,Yes,Medium Risk,Low Value,Medium Risk / Low Value
C0983,83.38,0.5494430707928445,No,Medium Risk,High Value,Medium Risk / High Value
C0984,82.26,0.671562666789149,Yes,High Risk,High Value,High Risk / High Value
C0985,63.75,0.4027421697444225,No,Medium Risk,Low Value,Medium Risk / Low Value
C0986,25.25,0.6768970577076503,Yes,High Risk,Low Value,High Risk / Low Value
C0987,21.04,0.05397115757106364,No,Low Risk,Low Value,Low Risk / Low Value
C0988,87.1,0.7492100729172203,Yes,High Risk,High Value,High Risk / High Value
C0989,79.57,0.6624265460082304,No,High Risk,High Value,High Risk / High Value
C0990,102.11,0.4082615808806223,Yes,Medium Risk,High Value,Medium Risk / High Value
C0991,76.34,0.4492971819283733,Yes,Medium Risk,High Value,Medium Risk / High Value
C0992,20.82,0.12096221131417449,No,Low Risk,Low Value,Low Risk / Low Value
C0993,45.4,0.2418730289272906,Yes,Low Risk,Low Value,Low Risk / Low Value
C0994,49.56,0.5281174282184372,No,Medium Risk,Low Value,Medium Risk / Low Value
C0995,86.43,0.4157096929918874,Yes,Medium Risk,High Value,Medium Risk / High Value
C0996,96.61,0.44278710926362885,Yes,Medium Risk,High Value,Medium Risk / High Value
C0997,94.3,0.33081674506724484,Yes,Low Risk,High Value,Low Risk / High Value
C0998,92.45,0.3435575964839712,No,Low Risk,High Value,Low Risk / High Value
C0999,62.89,0.1353811205079114,No,Low Risk,Low Value,Low Risk / Low Value
C1000,63.42,0.3319957657396294,No,Low Risk,Low Value,Low Risk / Low Value
