customer_id,gender,senior_citizen,partner,dependents,tenure_months,contract_type,monthly_charges,total_charges,payment_method,internet_service,tech_support,online_security,paperless_billing,churn
C0001,Female,0,No,No,52,Two year,93.2,4846.4,Credit card,Fiber optic,Yes,Yes,Yes,Yes
C0002,Female,0,Yes,Yes,30,Month-to-month,38.18,1145.4,Electronic check,DSL,Yes,No,Yes,No
C0003,Female,0,Yes,Yes,15,Month-to-month,98.52,1477.8,Bank transfer,DSL,No,No,Yes,No
C0004,Female,0,Yes,No,14,Two year,50.46,706.44,Electronic check,DSL,No,No,Yes,Yes
C0005,Female,0,No,No,4,Month-to-month,72.01,288.04,Mailed check,Fiber optic,Yes,No,No,Yes
C0006,Male,0,Yes,No,62,Month-to-month,58.87,3649.94,Credit card,DSL,No,Yes,Yes,Yes
C0007,Male,0,No,No,9,One year,39.87,358.83,Electronic check,DSL,No,No,No,No
C0008,Female,0,Yes,Yes,12,Month-to-month,26.36,316.32,Bank transfer,DSL,Yes,No,No,No
C0009,Female,0,No,No,5,One year,97.1,485.5,Electronic check,Fiber optic,No,No,Yes,Yes
C0010,Male,0,No,No,4,Two year,44.93,179.72,Bank transfer,Fiber optic,No,Yes,Yes,Yes
C0011,Male,0,Yes,Yes,6,Month-to-month,41.84,251.04,Electronic check,Fiber optic,No,Yes,Yes,Yes
C0012,Male,0,No,No,3,Month-to-month,71.07,213.21,Bank transfer,Fiber optic,Yes,Yes,Yes,Yes
C0013,Female,0,No,No,62,Two year,116.24,7206.88,Electronic check,DSL,No,Yes,Yes,Yes
C0014,Female,0,Yes,No,1,Month-to-month,34.49,34.49,Bank transfer,Fiber optic,No,Yes,No,Yes
C0015,Female,0,Yes,Yes,70,Month-to-month,101.64,7114.8,Bank transfer,Fiber optic,Yes,No,No,Yes
C0016,Male,0,Yes,Yes,19,Month-to-month,29.62,562.78,Bank transfer,No,Yes,No,No,No
C0017,Male,0,No,No,7,One year,101.72,712.04,Credit card,Fiber optic,No,Yes,Yes,Yes
C0018,Male,0,No,No,19,One year,109.71,2084.49,Credit card,No,No,No,Yes,No
C0019,Female,0,No,No,25,Month-to-month,36.08,902.0,Electronic check,Fiber optic,No,No,Yes,Yes
C0020,Female,0,No,No,8,Two year,85.76,686.08,Mailed check,Fiber optic,Yes,Yes,Yes,No
C0021,Male,0,No,No,27,One year,70.26,1897.02,Bank transfer,Fiber optic,No,Yes,No,No
C0022,Male,0,No,No,30,Two year,111.49,3344.7,Electronic check,Fiber optic,Yes,No,Yes,Yes
C0023,Female,0,No,No,32,Two year,51.69,1654.08,Credit card,DSL,No,No,No,No
C0024,Female,0,Yes,Yes,27,Month-to-month,52.26,1411.02,Mailed check,No,Yes,No,Yes,No
C0025,Male,0,No,Yes,7,Month-to-month,99.83,698.81,Bank transfer,Fiber optic,No,No,No,Yes
C0026,Male,0,Yes,Yes,51,Month-to-month,74.26,3787.26,Mailed check,DSL,No,Yes,Yes,No
C0027,Female,0,No,No,60,Month-to-month,82.29,4937.4,Bank transfer,DSL,Yes,No,Yes,No
C0028,Female,0,No,No,19,One year,47.08,894.52,Bank transfer,Fiber optic,Yes,Yes,No,No
C0029,Male,0,No,No,34,Month-to-month,29.39,999.26,Credit card,DSL,No,No,Yes,Yes
C0030,Female,0,No,Yes,16,Month-to-month,32.02,512.32,Mailed check,DSL,Yes,Yes,Yes,No
C0031,Female,0,No,No,39,Month-to-month,66.47,2592.33,Credit card,Fiber optic,Yes,No,No,No
C0032,Male,0,No,No,69,One year,81.59,5629.71,Credit card,No,No,No,No,No
C0033,Female,0,No,Yes,51,Two year,82.59,4212.09,Credit card,No,No,Yes,Yes,No
C0034,Male,0,Yes,Yes,8,Month-to-month,88.16,705.28,Mailed check,DSL,Yes,No,No,No
C0035,Male,0,Yes,No,36,Month-to-month,95.06,3422.16,Bank transfer,No,No,No,Yes,Yes
C0036,Female,0,Yes,No,55,One year,95.45,5249.75,Mailed check,DSL,No,No,No,No
C0037,Male,0,No,No,19,Month-to-month,51.93,986.67,Electronic check,No,No,No,No,Yes
C0038,Female,0,Yes,No,53,One year,98.96,5244.88,Electronic check,DSL,No,Yes,Yes,No
C0039,Male,1,No,Yes,9,One year,81.82,736.38,Mailed check,DSL,Yes,No,Yes,Yes
C0040,Female,0,Yes,No,8,Month-to-month,57.06,456.48,Mailed check,No,No,No,No,Yes
C0041,Male,0,Yes,No,19,Month-to-month,69.26,1315.94,Electronic check,DSL,No,Yes,Yes,Yes
C0042,Male,0,Yes,Yes,63,Month-to-month,28.29,1782.27,Electronic check,Fiber optic,No,No,No,No
C0043,Male,0,Yes,No,36,One year,116.93,4209.48,Electronic check,Fiber optic,No,No,Yes,No
C0044,Male,0,No,Yes,16,Two year,65.57,1049.12,Mailed check,Fiber optic,Yes,Yes,Yes,No
C0045,Female,0,No,No,27,One year,73.61,1987.47,Mailed check,DSL,No,No,Yes,No
C0046,Male,0,Yes,Yes,25,Month-to-month,113.27,2831.75,Electronic check,No,Yes,Yes,Yes,No
C0047,Female,0,Yes,No,59,Two year,103.83,6125.97,Mailed check,Fiber optic,No,Yes,Yes,No
C0048,Male,0,No,Yes,23,One year,114.48,2633.04,Bank transfer,No,Yes,No,Yes,No
C0049,Female,0,No,No,34,Month-to-month,31.36,1066.24,Credit card,Fiber optic,No,No,Yes,No
C0050,Female,0,No,No,17,Month-to-month,22.88,388.96,Mailed check,Fiber optic,No,No,Yes,Yes
C0051,Female,0,Yes,Yes,51,Two year,54.83,2796.33,Bank transfer,Fiber optic,No,Yes,No,No
C0052,Male,0,Yes,Yes,17,Month-to-month,65.91,1120.47,Credit card,No,No,Yes,No,No
C0053,Male,0,Yes,Yes,16,One year,38.19,611.04,Mailed check,DSL,No,No,No,No
C0054,Male,0,Yes,Yes,42,Month-to-month,28.87,1212.54,Mailed check,DSL,No,Yes,Yes,Yes
C0055,Female,1,Yes,No,56,Two year,112.09,6277.04,Electronic check,DSL,Yes,No,No,Yes
C0056,Male,0,Yes,No,28,Month-to-month,66.25,1855.0,Bank transfer,Fiber optic,Yes,Yes,No,No
C0057,Male,0,No,Yes,38,Month-to-month,44.25,1681.5,Bank transfer,DSL,Yes,Yes,Yes,Yes
C0058,Male,0,No,Yes,25,One year,98.92,2473.0,Credit card,Fiber optic,Yes,No,Yes,No
C0059,Female,0,No,Yes,52,One year,77.08,4008.16,Mailed check,Fiber optic,No,No,Yes,No
C0060,Female,1,No,No,62,Month-to-month,37.34,2315.08,Credit card,No,Yes,No,Yes,No
C0061,Female,0,No,Yes,6,Two year,69.07,414.42,Mailed check,Fiber optic,No,No,Yes,Yes
C0062,Male,0,No,No,19,Month-to-month,93.62,1778.78,Mailed check,Fiber optic,No,No,Yes,Yes
C0063,Male,0,Yes,Yes,50,Month-to-month,74.86,3743.0,Bank transfer,Fiber optic,Yes,No,Yes,Yes
C0064,Female,0,Yes,Yes,35,Month-to-month,112.95,3953.25,Electronic check,No,No,Yes,No,No
C0065,Female,0,No,No,60,Two year,33.98,2038.8,Electronic check,Fiber optic,Yes,Yes,Yes,No
C0066,Male,0,Yes,Yes,42,Month-to-month,101.66,4269.72,Bank transfer,Fiber optic,Yes,No,Yes,Yes
C0067,Male,0,No,No,66,Month-to-month,110.65,7302.9,Credit card,Fiber optic,Yes,No,No,Yes
C0068,Male,0,Yes,No,27,One year,35.17,949.59,Mailed check,DSL,Yes,No,Yes,No
C0069,Male,0,Yes,No,13,Month-to-month,104.65,1360.45,Bank transfer,DSL,Yes,No,Yes,No
C0070,Female,0,No,No,36,Month-to-month,45.18,1626.48,Credit card,DSL,Yes,No,Yes,No
C0071,Male,1,No,No,62,Month-to-month,45.6,2827.2,Electronic check,Fiber optic,No,Yes,No,Yes
C0072,Male,0,No,Yes,9,Month-to-month,93.64,842.76,Electronic check,No,No,No,Yes,Yes
C0073,Male,0,Yes,No,54,Month-to-month,79.13,4273.02,Electronic check,Fiber optic,Yes,Yes,No,No
C0074,Female,0,Yes,No,38,Month-to-month,54.7,2078.6,Bank transfer,Fiber optic,No,Yes,Yes,Yes
C0075,Female,0,No,No,33,Month-to-month,78.06,2575.98,Credit card,Fiber optic,Yes,No,Yes,Yes
C0076,Female,0,Yes,No,49,Month-to-month,50.99,2498.51,Mailed check,Fiber optic,No,No,Yes,Yes
C0077,Male,0,Yes,No,18,Month-to-month,91.41,1645.38,Bank transfer,Fiber optic,No,No,Yes,No
C0078,Male,0,Yes,No,32,Month-to-month,109.74,3511.68,Bank transfer,Fiber optic,No,No,No,Yes
C0079,Female,0,No,No,59,Month-to-month,79.5,4690.5,Credit card,DSL,No,No,Yes,No
C0080,Male,0,Yes,Yes,16,Month-to-month,86.81,1388.96,Bank transfer,DSL,Yes,No,Yes,No
C0081,Female,0,No,No,29,Month-to-month,109.27,3168.83,Bank transfer,No,Yes,Yes,Yes,No
C0082,Male,1,Yes,No,9,Month-to-month,49.45,445.05,Credit card,No,No,Yes,No,Yes
C0083,Male,0,Yes,No,14,One year,89.88,1258.32,Mailed check,Fiber optic,Yes,No,Yes,Yes
C0084,Male,0,No,Yes,18,Month-to-month,101.51,1827.18,Credit card,Fiber optic,Yes,No,Yes,No
C0085,Female,0,No,No,6,One year,45.07,270.42,Electronic check,Fiber optic,No,No,No,Yes
C0086,Female,0,No,No,65,Month-to-month,80.32,5220.8,Electronic check,DSL,Yes,Yes,Yes,Yes
C0087,Female,0,Yes,No,24,Two year,93.26,2238.24,Bank transfer,DSL,Yes,Yes,Yes,No
C0088,Female,0,No,No,66,Month-to-month,27.51,1815.66,Bank transfer,Fiber optic,No,No,Yes,No
C0089,Female,0,No,No,12,Month-to-month,29.16,349.92,Bank transfer,No,Yes,No,Yes,No
C0090,Female,0,Yes,No,70,Two year,110.34,7723.8,Credit card,Fiber optic,No,Yes,No,No
C0091,Female,0,No,No,7,Month-to-month,89.74,628.18,Mailed check,DSL,No,No,No,Yes
C0092,Female,0,No,No,17,One year,56.47,959.99,Mailed check,Fiber optic,No,No,Yes,No
C0093,Female,0,Yes,Yes,25,One year,72.02,1800.5,Mailed check,Fiber optic,No,No,Yes,No
C0094,Male,1,No,Yes,39,Month-to-month,25.27,985.53,Credit card,DSL,Yes,No,Yes,Yes
C0095,Male,0,Yes,No,5,One year,20.33,101.65,Electronic check,Fiber optic,Yes,No,No,Yes
C0096,Female,1,No,No,49,Month-to-month,32.44,1589.56,Bank transfer,No,No,Yes,Yes,No
C0097,Male,0,No,No,25,One year,26.5,662.5,Mailed check,Fiber optic,No,Yes,No,Yes
C0098,Female,0,No,No,3,Two year,100.08,300.24,Electronic check,Fiber optic,Yes,No,Yes,No
C0099,Female,0,No,Yes,3,Two year,42.44,127.32,Mailed check,DSL,No,No,Yes,Yes
C0100,Male,0,No,Yes,67,Two year,106.21,7116.07,Credit card,No,No,No,Yes,Yes
C0101,Female,0,Yes,No,18,Month-to-month,42.02,756.36,Credit card,Fiber optic,Yes,No,Yes,No
C0102,Male,0,Yes,No,40,One year,46.7,1868.0,Bank transfer,No,No,No,No,No
C0103,Male,0,Yes,Yes,63,One year,38.92,2451.96,Mailed check,No,No,No,No,Yes
C0104,Female,0,No,No,2,Two year,70.75,141.5,Electronic check,DSL,Yes,No,No,No
C0105,Female,0,No,Yes,70,Month-to-month,21.84,1528.8,Electronic check,Fiber optic,No,Yes,Yes,Yes
C0106,Female,1,Yes,No,64,One year,26.74,1711.36,Mailed check,Fiber optic,Yes,No,Yes,No
C0107,Male,0,No,Yes,52,One year,22.46,1167.92,Mailed check,DSL,Yes,No,No,No
C0108,Female,0,Yes,No,13,Two year,72.7,945.1,Credit card,No,Yes,No,No,No
C0109,Male,1,Yes,No,21,Two year,105.74,2220.54,Mailed check,No,No,No,Yes,Yes
C0110,Female,0,Yes,No,25,One year,76.28,1907.0,Electronic check,Fiber optic,No,Yes,Yes,No
C0111,Female,0,Yes,No,3,One year,49.42,148.26,Mailed check,No,No,Yes,Yes,No
C0112,Female,0,No,No,38,Month-to-month,36.08,1371.04,Credit card,Fiber optic,Yes,No,Yes,Yes
C0113,Female,0,No,No,38,Month-to-month,89.5,3401.0,Credit card,No,No,Yes,Yes,Yes
C0114,Female,1,No,Yes,54,One year,90.25,4873.5,Electronic check,Fiber optic,Yes,Yes,Yes,No
C0115,Male,0,Yes,No,66,Two year,40.09,2645.94,Credit card,Fiber optic,No,Yes,No,No
C0116,Female,0,No,No,32,Month-to-month,113.52,3632.64,Bank transfer,No,No,No,No,No
C0117,Male,0,Yes,No,26,Month-to-month,24.08,626.08,Credit card,DSL,No,No,Yes,No
C0118,Male,0,No,No,45,Month-to-month,98.97,4453.65,Mailed check,Fiber optic,No,No,No,Yes
C0119,Female,0,No,No,35,Month-to-month,61.84,2164.4,Mailed check,DSL,No,Yes,No,Yes
C0120,Male,1,No,No,20,Month-to-month,74.33,1486.6,Credit card,Fiber optic,No,Yes,Yes,Yes
C0121,Female,0,No,Yes,58,Two year,41.07,2382.06,Credit card,Fiber optic,No,No,Yes,No
C0122,Female,0,No,No,2,Month-to-month,105.44,210.88,Credit card,Fiber optic,Yes,No,Yes,Yes
C0123,Female,0,No,Yes,28,Month-to-month,85.67,2398.76,Bank transfer,DSL,No,Yes,No,Yes
C0124,Male,0,Yes,No,10,One year,34.58,345.8,Mailed check,Fiber optic,No,No,Yes,No
C0125,Male,0,No,Yes,37,One year,90.54,3349.98,Credit card,Fiber optic,No,No,Yes,No
C0126,Male,0,Yes,No,29,One year,42.47,1231.63,Credit card,DSL,Yes,Yes,Yes,No
C0127,Female,0,Yes,Yes,50,Two year,78.01,3900.5,Bank transfer,DSL,No,Yes,Yes,No
C0128,Female,0,Yes,No,8,Two year,29.39,235.12,Mailed check,Fiber optic,No,No,Yes,Yes
C0129,Female,0,No,No,17,Two year,106.46,1809.82,Electronic check,Fiber optic,Yes,No,No,No
C0130,Female,0,Yes,No,62,One year,119.94,7436.28,Electronic check,DSL,No,No,No,No
C0131,Male,0,Yes,Yes,4,One year,100.78,403.12,Credit card,Fiber optic,No,No,No,Yes
C0132,Female,0,Yes,Yes,71,One year,58.04,4120.84,Mailed check,Fiber optic,No,No,Yes,No
C0133,Male,0,No,No,46,Month-to-month,74.24,3415.04,Electronic check,No,No,No,No,Yes
C0134,Male,0,Yes,Yes,15,Month-to-month,74.94,1124.1,Bank transfer,Fiber optic,No,No,No,Yes
C0135,Male,0,Yes,No,51,Month-to-month,113.44,5785.44,Credit card,Fiber optic,Yes,No,Yes,Yes
C0136,Male,0,Yes,Yes,36,One year,59.99,2159.64,Credit card,No,No,No,Yes,Yes
C0137,Female,0,Yes,Yes,42,Month-to-month,111.78,4694.76,Electronic check,Fiber optic,Yes,No,Yes,No
C0138,Female,0,Yes,No,9,One year,84.66,761.94,Electronic check,DSL,Yes,No,No,No
C0139,Male,0,No,No,60,One year,100.95,6057.0,Electronic check,Fiber optic,Yes,No,Yes,Yes
C0140,Male,0,No,Yes,48,Month-to-month,43.02,2064.96,Electronic check,DSL,No,Yes,No,No
C0141,Male,0,No,No,67,Month-to-month,64.58,4326.86,Credit card,Fiber optic,Yes,Yes,No,Yes
C0142,Male,0,No,Yes,36,Month-to-month,52.34,1884.24,Mailed check,DSL,Yes,Yes,Yes,Yes
C0143,Female,0,No,No,50,One year,43.08,2154.0,Mailed check,Fiber optic,Yes,Yes,Yes,Yes
C0144,Female,0,No,Yes,44,Month-to-month,116.17,5111.48,Mailed check,Fiber optic,No,Yes,Yes,Yes
C0145,Female,0,No,No,3,Two year,43.46,130.38,Credit card,Fiber optic,Yes,No,No,Yes
C0146,Male,0,Yes,Yes,32,Month-to-month,102.61,3283.52,Mailed check,Fiber optic,No,Yes,Yes,Yes
C0147,Female,0,No,No,65,Month-to-month,59.7,3880.5,Bank transfer,Fiber optic,No,No,No,Yes
C0148,Male,0,No,Yes,49,Month-to-month,101.74,4985.26,Credit card,Fiber optic,No,No,No,Yes
C0149,Female,1,No,Yes,2,Month-to-month,115.73,231.46,Electronic check,Fiber optic,No,No,Yes,Yes
C0150,Female,0,Yes,No,52,Month-to-month,59.87,3113.24,Electronic check,DSL,Yes,Yes,Yes,Yes
C0151,Male,0,Yes,No,13,Two year,107.61,1398.93,Mailed check,DSL,No,Yes,Yes,No
C0152,Female,0,Yes,No,10,Month-to-month,68.46,684.6,Electronic check,Fiber optic,No,Yes,Yes,Yes
C0153,Male,0,No,No,16,Month-to-month,70.94,1135.04,Credit card,No,No,No,Yes,No
C0154,Male,1,Yes,No,63,Month-to-month,39.46,2485.98,Mailed check,Fiber optic,No,No,No,Yes
C0155,Female,0,Yes,No,21,One year,33.71,707.91,Electronic check,Fiber optic,Yes,Yes,Yes,No
C0156,Male,0,No,No,60,One year,69.93,4195.8,Credit card,DSL,Yes,Yes,No,No
C0157,Female,0,Yes,Yes,38,Month-to-month,115.62,4393.56,Mailed check,DSL,Yes,No,No,Yes
C0158,Male,0,No,No,60,One year,102.51,6150.6,Electronic check,Fiber optic,Yes,No,Yes,No
C0159,Female,0,Yes,No,65,Month-to-month,24.78,1610.7,Bank transfer,DSL,No,No,No,Yes
C0160,Male,0,No,No,11,Two year,114.23,1256.53,Mailed check,Fiber optic,Yes,No,Yes,Yes
C0161,Female,0,Yes,No,8,One year,82.47,659.76,Mailed check,Fiber optic,Yes,Yes,No,No
C0162,Male,0,No,Yes,10,One year,49.28,492.8,Credit card,No,No,No,No,Yes
C0163,Female,1,No,Yes,18,Month-to-month,57.22,1029.96,Mailed check,Fiber optic,No,No,No,Yes
C0164,Female,0,No,No,21,Month-to-month,101.59,2133.39,Electronic check,No,No,No,Yes,Yes
C0165,Male,0,Yes,No,23,One year,37.74,868.02,Mailed check,Fiber optic,No,No,Yes,No
C0166,Male,0,No,No,23,Two year,93.28,2145.44,Bank transfer,Fiber optic,No,No,Yes,No
C0167,Female,1,No,Yes,8,Month-to-month,20.93,167.44,Credit card,DSL,No,No,Yes,Yes
C0168,Female,0,No,No,46,One year,38.8,1784.8,Mailed check,Fiber optic,No,No,Yes,No
C0169,Female,0,No,No,53,Month-to-month,52.69,2792.57,Credit card,DSL,Yes,No,No,Yes
C0170,Female,0,Yes,No,26,Month-to-month,61.26,1592.76,Electronic check,Fiber optic,Yes,No,Yes,Yes
C0171,Male,0,No,No,3,Month-to-month,78.0,234.0,Mailed check,Fiber optic,No,No,No,Yes
C0172,Male,0,Yes,No,22,One year,94.59,2080.98,Electronic check,No,Yes,No,Yes,Yes
C0173,Male,0,Yes,No,47,Two year,113.31,5325.57,Bank transfer,Fiber optic,No,No,No,No
C0174,Male,0,Yes,No,16,Month-to-month,76.55,1224.8,Mailed check,No,Yes,No,Yes,No
C0175,Female,0,No,No,42,Two year,42.55,1787.1,Credit card,Fiber optic,No,No,Yes,No
C0176,Female,1,Yes,No,35,Month-to-month,92.95,3253.25,Bank transfer,Fiber optic,Yes,No,Yes,Yes
C0177,Male,0,Yes,Yes,30,Month-to-month,47.57,1427.1,Bank transfer,DSL,No,No,Yes,Yes
C0178,Male,1,No,No,56,Month-to-month,81.97,4590.32,Mailed check,Fiber optic,Yes,Yes,No,No
C0179,Male,0,Yes,No,15,Two year,59.34,890.1,Electronic check,No,No,No,Yes,No
C0180,Male,0,Yes,No,19,Month-to-month,114.7,2179.3,Bank transfer,No,Yes,Yes,No,No
C0181,Male,0,Yes,No,61,Month-to-month,60.4,3684.4,Mailed check,Fiber optic,No,No,No,No
C0182,Female,0,Yes,No,57,One year,66.23,3775.11,Credit card,Fiber optic,No,No,Yes,No
C0183,Female,0,Yes,No,49,Month-to-month,45.86,2247.14,Credit card,DSL,Yes,No,Yes,Yes
C0184,Female,0,Yes,Yes,40,Two year,97.2,3888.0,Electronic check,DSL,Yes,No,No,No
C0185,Male,0,Yes,No,50,Month-to-month,64.11,3205.5,Electronic check,DSL,Yes,Yes,Yes,Yes
C0186,Female,1,No,Yes,48,Two year,72.02,3456.96,Electronic check,Fiber optic,No,Yes,No,Yes
C0187,Male,0,No,Yes,1,Month-to-month,56.37,56.37,Mailed check,Fiber optic,No,Yes,No,Yes
C0188,Male,0,Yes,Yes,16,Two year,68.54,1096.64,Mailed check,DSL,No,Yes,No,No
C0189,Female,1,No,No,68,One year,109.03,7414.04,Credit card,DSL,No,Yes,No,No
C0190,Female,0,No,No,66,Two year,65.93,4351.38,Mailed check,Fiber optic,No,No,Yes,No
C0191,Male,0,No,No,35,Month-to-month,54.79,1917.65,Mailed check,Fiber optic,No,No,No,Yes
C0192,Male,0,Yes,No,33,Month-to-month,87.62,2891.46,Electronic check,DSL,No,Yes,Yes,Yes
C0193,Male,0,No,No,67,One year,71.27,4775.09,Mailed check,DSL,Yes,Yes,Yes,No
C0194,Female,0,Yes,No,6,One year,76.04,456.24,Credit card,DSL,No,No,No,Yes
C0195,Male,0,Yes,No,25,Month-to-month,22.72,568.0,Bank transfer,No,Yes,No,No,No
C0196,Male,0,No,Yes,63,One year,82.82,5217.66,Electronic check,Fiber optic,No,No,Yes,Yes
C0197,Female,1,No,No,52,Month-to-month,79.84,4151.68,Credit card,DSL,Yes,No,Yes,Yes
C0198,Male,0,Yes,Yes,55,Month-to-month,103.82,5710.1,Electronic check,DSL,No,Yes,No,Yes
C0199,Female,0,Yes,Yes,33,One year,72.52,2393.16,Credit card,DSL,No,Yes,No,No
C0200,Female,0,No,No,47,Month-to-month,54.08,2541.76,Electronic check,DSL,Yes,No,Yes,Yes
C0201,Female,0,No,No,22,One year,117.08,2575.76,Credit card,DSL,Yes,No,No,No
C0202,Female,0,Yes,No,12,One year,110.74,1328.88,Bank transfer,DSL,No,No,Yes,Yes
C0203,Female,0,Yes,Yes,13,Month-to-month,105.41,1370.33,Bank transfer,DSL,No,No,Yes,Yes
C0204,Male,0,Yes,Yes,9,Two year,48.46,436.14,Bank transfer,No,No,No,Yes,Yes
C0205,Female,0,Yes,No,46,Month-to-month,58.99,2713.54,Electronic check,Fiber optic,No,No,Yes,No
C0206,Female,0,No,No,8,Two year,20.21,161.68,Mailed check,Fiber optic,No,Yes,No,Yes
C0207,Male,0,Yes,No,19,One year,74.96,1424.24,Mailed check,No,No,Yes,No,No
C0208,Female,1,No,No,10,Month-to-month,33.89,338.9,Electronic check,DSL,Yes,Yes,No,Yes
C0209,Male,0,Yes,No,41,Month-to-month,49.5,2029.5,Electronic check,Fiber optic,No,Yes,Yes,Yes
C0210,Female,0,No,No,21,One year,62.99,1322.79,Credit card,Fiber optic,Yes,Yes,No,No
C0211,Male,0,No,Yes,41,Month-to-month,51.89,2127.49,Electronic check,Fiber optic,Yes,No,No,No
C0212,Male,0,Yes,No,37,Two year,54.59,2019.83,Bank transfer,DSL,Yes,No,No,No
C0213,Male,1,No,Yes,64,One year,56.46,3613.44,Electronic check,DSL,No,No,No,No
C0214,Male,0,Yes,Yes,45,Month-to-month,23.9,1075.5,Bank transfer,DSL,Yes,Yes,Yes,No
C0215,Male,0,No,No,37,Two year,51.4,1901.8,Electronic check,No,No,No,No,No
C0216,Male,0,No,Yes,22,Month-to-month,35.41,779.02,Bank transfer,Fiber optic,No,No,No,Yes
C0217,Female,0,Yes,No,46,One year,43.5,2001.0,Electronic check,No,No,Yes,Yes,No
C0218,Female,0,Yes,No,17,One year,50.05,850.85,Credit card,DSL,No,No,No,Yes
C0219,Male,0,Yes,No,64,One year,79.91,5114.24,Bank transfer,Fiber optic,No,Yes,No,No
C0220,Female,0,No,No,12,Two year,114.91,1378.92,Bank transfer,Fiber optic,Yes,No,Yes,No
C0221,Male,0,Yes,No,15,One year,111.87,1678.05,Credit card,Fiber optic,No,No,Yes,No
C0222,Male,1,Yes,Yes,48,Two year,25.95,1245.6,Bank transfer,DSL,No,Yes,Yes,No
C0223,Male,0,No,No,31,One year,96.26,2984.06,Credit card,No,Yes,No,Yes,No
C0224,Male,0,Yes,No,56,Month-to-month,99.34,5563.04,Mailed check,No,Yes,No,Yes,No
C0225,Female,0,Yes,No,37,Month-to-month,113.71,4207.27,Bank transfer,No,No,No,No,Yes
C0226,Female,1,Yes,No,30,Month-to-month,50.61,1518.3,Electronic check,Fiber optic,No,No,No,Yes
C0227,Female,1,Yes,No,34,One year,90.71,3084.14,Credit card,DSL,Yes,No,Yes,Yes
C0228,Female,0,Yes,No,55,Two year,52.15,2868.25,Electronic check,Fiber optic,Yes,No,No,Yes
C0229,Female,0,No,No,55,Month-to-month,64.93,3571.15,Mailed check,Fiber optic,No,Yes,No,Yes
C0230,Female,0,Yes,Yes,30,Month-to-month,34.29,1028.7,Mailed check,Fiber optic,Yes,No,Yes,Yes
C0231,Male,0,No,Yes,57,Month-to-month,71.11,4053.27,Mailed check,DSL,Yes,No,Yes,Yes
C0232,Female,1,Yes,No,28,Month-to-month,56.02,1568.56,Bank transfer,DSL,No,Yes,No,No
C0233,Male,0,Yes,No,51,Month-to-month,88.7,4523.7,Mailed check,Fiber optic,Yes,No,No,Yes
C0234,Female,1,Yes,No,24,One year,115.08,2761.92,Credit card,Fiber optic,Yes,Yes,No,No
C0235,Female,0,Yes,No,41,Month-to-month,31.1,1275.1,Electronic check,Fiber optic,No,Yes,No,Yes
C0236,Female,1,No,No,38,Month-to-month,108.02,4104.76,Credit card,DSL,No,No,Yes,No
C0237,Female,0,No,No,44,Month-to-month,91.32,4018.08,Electronic check,DSL,No,Yes,Yes,Yes
C0238,Female,0,Yes,No,46,Month-to-month,111.11,5111.06,Bank transfer,No,No,No,Yes,Yes
C0239,Female,0,No,No,43,Two year,24.17,1039.31,Electronic check,Fiber optic,No,No,Yes,Yes
C0240,Female,0,No,No,59,Month-to-month,56.77,3349.43,Bank transfer,DSL,No,Yes,Yes,Yes
C0241,Male,0,No,Yes,43,One year,74.84,3218.12,Bank transfer,No,No,No,No,No
C0242,Female,1,Yes,Yes,67,One year,113.74,7620.58,Credit card,Fiber optic,No,Yes,No,No
C0243,Male,0,No,No,50,One year,76.13,3806.5,Electronic check,Fiber optic,Yes,No,No,Yes
C0244,Male,0,No,No,53,Month-to-month,110.64,5863.92,Mailed check,DSL,No,No,No,No
C0245,Male,0,No,No,26,Month-to-month,20.78,540.28,Bank transfer,Fiber optic,No,Yes,No,No
C0246,Male,1,No,Yes,6,Month-to-month,100.7,604.2,Mailed check,Fiber optic,No,No,Yes,Yes
C0247,Male,1,No,No,50,Two year,44.2,2210.0,Credit card,No,Yes,No,No,No
C0248,Male,0,Yes,No,18,One year,27.31,491.58,Bank transfer,Fiber optic,No,Yes,No,No
C0249,Female,0,No,No,34,One year,36.17,1229.78,Bank transfer,Fiber optic,No,Yes,No,No
C0250,Female,0,No,No,44,Month-to-month,20.9,919.6,Credit card,Fiber optic,No,Yes,No,No
C0251,Female,1,No,No,22,Month-to-month,22.92,504.24,Credit card,Fiber optic,No,Yes,Yes,Yes
C0252,Female,0,Yes,Yes,71,Month-to-month,59.25,4206.75,Mailed check,Fiber optic,No,No,Yes,Yes
C0253,Female,0,No,No,68,Two year,110.22,7494.96,Electronic check,No,No,Yes,No,No
C0254,Male,0,Yes,No,41,Two year,78.16,3204.56,Bank transfer,Fiber optic,No,No,No,No
C0255,Female,0,No,No,5,Month-to-month,98.04,490.2,Electronic check,Fiber optic,No,Yes,Yes,Yes
C0256,Female,0,No,No,68,Month-to-month,107.95,7340.6,Credit card,Fiber optic,Yes,No,Yes,Yes
C0257,Female,0,Yes,Yes,57,Month-to-month,24.54,1398.78,Electronic check,DSL,No,Yes,Yes,Yes
C0258,Female,1,No,No,10,Month-to-month,40.36,403.6,Credit card,DSL,No,No,Yes,Yes
C0259,Female,0,Yes,No,69,One year,80.96,5586.24,Electronic check,No,No,Yes,Yes,No
C0260,Male,0,No,No,22,Month-to-month,79.06,1739.32,Bank transfer,Fiber optic,Yes,No,No,No
C0261,Female,0,Yes,No,17,One year,49.66,844.22,Electronic check,Fiber optic,No,Yes,Yes,Yes
C0262,Male,0,Yes,Yes,15,One year,66.17,992.55,Electronic check,No,No,No,No,Yes
C0263,Female,0,Yes,No,52,Month-to-month,31.89,1658.28,Electronic check,Fiber optic,No,No,Yes,Yes
C0264,Female,0,Yes,No,18,Month-to-month,98.22,1767.96,Bank transfer,DSL,No,No,No,Yes
C0265,Male,0,No,Yes,49,Month-to-month,62.96,3085.04,Mailed check,DSL,No,Yes,No,No
C0266,Male,0,Yes,No,20,One year,82.5,1650.0,Mailed check,DSL,No,No,Yes,No
C0267,Female,0,No,No,12,Month-to-month,50.68,608.16,Mailed check,Fiber optic,No,Yes,No,Yes
C0268,Female,0,No,No,19,One year,27.21,516.99,Bank transfer,DSL,Yes,No,No,No
C0269,Female,0,No,Yes,20,Month-to-month,47.63,952.6,Electronic check,Fiber optic,No,Yes,Yes,Yes
C0270,Female,0,No,No,41,Month-to-month,71.97,2950.77,Mailed check,DSL,No,No,No,No
C0271,Female,0,No,No,39,Month-to-month,112.55,4389.45,Bank transfer,DSL,No,No,Yes,No
C0272,Female,0,Yes,Yes,27,One year,90.66,2447.82,Electronic check,Fiber optic,Yes,Yes,Yes,No
C0273,Male,0,Yes,No,59,One year,108.3,6389.7,Credit card,DSL,No,No,No,No
C0274,Female,0,No,No,1,Month-to-month,92.57,92.57,Mailed check,Fiber optic,No,Yes,No,Yes
C0275,Female,0,Yes,Yes,25,Month-to-month,45.87,1146.75,Electronic check,Fiber optic,No,Yes,Yes,Yes
C0276,Male,0,No,Yes,39,Month-to-month,107.75,4202.25,Electronic check,Fiber optic,Yes,Yes,Yes,Yes
C0277,Female,0,Yes,No,62,One year,87.29,5411.98,Bank transfer,DSL,No,No,No,No
C0278,Male,0,Yes,No,65,Month-to-month,118.77,7720.05,Bank transfer,DSL,No,No,Yes,No
C0279,Male,0,No,Yes,9,Month-to-month,98.74,888.66,Credit card,Fiber optic,No,No,No,Yes
C0280,Male,0,No,Yes,63,Month-to-month,64.39,4056.57,Mailed check,DSL,Yes,No,Yes,No
C0281,Female,0,Yes,No,38,One year,46.02,1748.76,Electronic check,DSL,Yes,Yes,Yes,No
C0282,Male,0,No,No,68,Month-to-month,50.98,3466.64,Bank transfer,DSL,No,No,Yes,Yes
C0283,Male,1,No,No,55,Two year,52.67,2896.85,Electronic check,Fiber optic,No,No,No,Yes
C0284,Male,0,Yes,No,41,Two year,87.69,3595.29,Mailed check,No,No,No,Yes,No
C0285,Female,0,Yes,No,23,Month-to-month,94.06,2163.38,Mailed check,No,No,No,Yes,No
C0286,Female,0,Yes,No,10,One year,78.21,782.1,Bank transfer,DSL,Yes,Yes,Yes,No
C0287,Female,0,Yes,No,9,Month-to-month,62.89,566.01,Mailed check,Fiber optic,No,No,Yes,Yes
C0288,Male,0,Yes,Yes,48,One year,31.72,1522.56,Electronic check,DSL,Yes,No,Yes,No
C0289,Female,0,No,Yes,65,Month-to-month,99.28,6453.2,Credit card,DSL,No,No,No,Yes
C0290,Male,0,Yes,No,56,Two year,102.14,5719.84,Mailed check,No,No,Yes,No,No
C0291,Female,0,Yes,No,11,Month-to-month,58.78,646.58,Mailed check,No,No,Yes,Yes,No
C0292,Female,0,Yes,Yes,57,Two year,65.05,3707.85,Mailed check,Fiber optic,No,Yes,No,No
C0293,Male,0,No,No,59,One year,57.45,3389.55,Mailed check,Fiber optic,Yes,Yes,No,Yes
C0294,Male,0,No,No,61,Month-to-month,24.87,1517.07,Mailed check,Fiber optic,No,No,Yes,Yes
C0295,Female,0,Yes,No,64,One year,58.66,3754.24,Credit card,Fiber optic,Yes,Yes,Yes,No
C0296,Female,0,No,No,62,Month-to-month,67.39,4178.18,Credit card,Fiber optic,Yes,Yes,Yes,No
C0297,Male,0,No,No,11,Month-to-month,27.7,304.7,Credit card,Fiber optic,Yes,No,No,Yes
C0298,Male,0,No,No,67,One year,52.45,3514.15,Credit card,DSL,Yes,No,Yes,No
C0299,Female,0,No,No,23,Two year,98.67,2269.41,Electronic check,Fiber optic,No,Yes,Yes,Yes
C0300,Female,1,No,No,5,One year,105.81,529.05,Bank transfer,Fiber optic,No,Yes,Yes,No
C0301,Male,1,Yes,No,54,One year,116.73,6303.42,Electronic check,No,No,No,No,Yes
C0302,Female,0,No,Yes,13,Month-to-month,22.24,289.12,Credit card,Fiber optic,No,No,Yes,No
C0303,Male,0,Yes,No,49,One year,23.89,1170.61,Electronic check,No,No,No,No,No
C0304,Male,0,No,No,19,Month-to-month,90.74,1724.06,Mailed check,Fiber optic,Yes,No,No,Yes
C0305,Female,0,Yes,No,21,Two year,84.95,1783.95,Bank transfer,No,No,No,Yes,Yes
C0306,Female,0,No,No,21,One year,25.44,534.24,Electronic check,Fiber optic,No,Yes,Yes,No
C0307,Female,0,No,No,47,Month-to-month,114.87,5398.89,Bank transfer,DSL,No,Yes,Yes,Yes
C0308,Female,0,No,No,56,Two year,108.16,6056.96,Bank transfer,Fiber optic,No,No,Yes,Yes
C0309,Male,1,Yes,No,40,Month-to-month,111.57,4462.8,Credit card,Fiber optic,Yes,No,Yes,No
C0310,Male,0,No,No,35,Month-to-month,41.62,1456.7,Electronic check,Fiber optic,No,No,No,No
C0311,Female,0,No,Yes,49,One year,109.19,5350.31,Mailed check,DSL,No,No,Yes,Yes
C0312,Male,0,No,No,52,Month-to-month,72.99,3795.48,Bank transfer,No,Yes,Yes,Yes,Yes
C0313,Female,0,No,Yes,60,Two year,56.56,3393.6,Credit card,Fiber optic,Yes,No,Yes,Yes
C0314,Female,0,No,No,22,Month-to-month,50.24,1105.28,Credit card,Fiber optic,No,Yes,Yes,Yes
C0315,Female,0,No,No,17,Month-to-month,118.42,2013.14,Mailed check,Fiber optic,No,Yes,Yes,No
C0316,Male,0,No,No,15,Month-to-month,24.5,367.5,Mailed check,DSL,No,No,No,Yes
C0317,Male,0,No,No,44,One year,85.81,3775.64,Bank transfer,DSL,No,Yes,No,No
C0318,Female,0,Yes,Yes,6,One year,77.93,467.58,Electronic check,Fiber optic,No,Yes,Yes,No
C0319,Female,0,No,Yes,53,Month-to-month,41.87,2219.11,Credit card,DSL,No,Yes,No,Yes
C0320,Female,0,Yes,Yes,10,Month-to-month,28.7,287.0,Electronic check,Fiber optic,No,No,Yes,Yes
C0321,Female,0,Yes,Yes,22,One year,82.35,1811.7,Credit card,Fiber optic,Yes,Yes,Yes,No
C0322,Female,0,Yes,No,23,Month-to-month,40.75,937.25,Electronic check,DSL,No,No,Yes,Yes
C0323,Female,0,Yes,No,30,Two year,96.94,2908.2,Electronic check,Fiber optic,No,Yes,Yes,No
C0324,Female,1,No,Yes,52,Month-to-month,70.13,3646.76,Mailed check,DSL,Yes,No,Yes,Yes
C0325,Male,0,No,No,32,Month-to-month,92.46,2958.72,Electronic check,DSL,No,Yes,Yes,Yes
C0326,Female,0,No,No,17,Month-to-month,75.65,1286.05,Mailed check,No,No,No,Yes,No
C0327,Female,0,No,Yes,11,Month-to-month,53.22,585.42,Mailed check,DSL,Yes,No,Yes,No
C0328,Female,0,No,No,68,Month-to-month,111.29,7567.72,Credit card,DSL,No,No,Yes,Yes
C0329,Male,0,No,Yes,56,Month-to-month,46.1,2581.6,Credit card,DSL,No,No,Yes,Yes
C0330,Female,0,Yes,No,56,One year,35.05,1962.8,Mailed check,No,No,No,Yes,No
C0331,Female,0,No,No,67,Month-to-month,31.48,2109.16,Credit card,No,No,No,No,No
C0332,Female,1,No,Yes,4,Month-to-month,89.11,356.44,Electronic check,DSL,Yes,Yes,Yes,Yes
C0333,Female,0,Yes,Yes,38,One year,114.99,4369.62,Mailed check,DSL,No,No,Yes,No
C0334,Male,0,Yes,Yes,68,One year,30.59,2080.12,Mailed check,No,No,No,Yes,No
C0335,Male,0,Yes,No,5,Month-to-month,27.57,137.85,Bank transfer,Fiber optic,Yes,No,Yes,Yes
C0336,Male,0,No,No,39,Month-to-month,76.8,2995.2,Electronic check,DSL,No,No,No,Yes
C0337,Male,0,No,No,31,Month-to-month,89.2,2765.2,Bank transfer,Fiber optic,Yes,No,Yes,Yes
C0338,Female,0,No,Yes,8,Month-to-month,25.18,201.44,Electronic check,Fiber optic,Yes,No,Yes,Yes
C0339,Male,0,Yes,No,54,One year,98.15,5300.1,Mailed check,DSL,Yes,Yes,No,No
C0340,Male,0,Yes,No,20,Month-to-month,85.42,1708.4,Bank transfer,Fiber optic,Yes,No,No,No
C0341,Male,0,Yes,Yes,35,Month-to-month,55.47,1941.45,Electronic check,Fiber optic,No,No,No,Yes
C0342,Male,0,No,Yes,36,Month-to-month,87.58,3152.88,Bank transfer,Fiber optic,Yes,Yes,Yes,Yes
C0343,Female,0,No,No,66,One year,43.14,2847.24,Credit card,Fiber optic,No,No,Yes,Yes
C0344,Female,0,No,No,30,One year,73.13,2193.9,Electronic check,Fiber optic,No,No,No,Yes
C0345,Male,0,No,No,4,One year,70.05,280.2,Mailed check,Fiber optic,Yes,No,Yes,Yes
C0346,Female,0,No,Yes,11,One year,89.67,986.37,Credit card,DSL,Yes,Yes,No,No
C0347,Male,1,Yes,Yes,11,Month-to-month,98.02,1078.22,Bank transfer,No,Yes,No,Yes,Yes
C0348,Female,1,Yes,No,47,Month-to-month,111.69,5249.43,Mailed check,Fiber optic,Yes,No,Yes,Yes
C0349,Female,1,Yes,Yes,41,Month-to-month,35.96,1474.36,Mailed check,DSL,Yes,Yes,No,No
C0350,Male,0,No,No,42,Two year,41.37,1737.54,Credit card,Fiber optic,Yes,No,No,Yes
C0351,Female,0,Yes,No,60,Month-to-month,117.38,7042.8,Bank transfer,Fiber optic,Yes,No,Yes,Yes
C0352,Female,0,No,No,13,Two year,100.56,1307.28,Credit card,DSL,Yes,No,No,No
C0353,Female,0,No,Yes,23,Month-to-month,95.25,2190.75,Credit card,DSL,No,No,Yes,Yes
C0354,Male,0,No,Yes,37,One year,35.39,1309.43,Credit card,DSL,Yes,Yes,Yes,No
C0355,Male,0,No,Yes,34,Month-to-month,84.15,2861.1,Bank transfer,DSL,No,No,Yes,No
C0356,Female,0,No,Yes,20,One year,102.44,2048.8,Mailed check,Fiber optic,Yes,No,Yes,No
C0357,Female,0,No,No,7,Month-to-month,36.91,258.37,Bank transfer,Fiber optic,No,No,No,Yes
C0358,Male,0,No,No,60,One year,70.07,4204.2,Bank transfer,Fiber optic,Yes,No,Yes,No
C0359,Male,1,Yes,No,65,One year,98.09,6375.85,Bank transfer,Fiber optic,No,No,Yes,Yes
C0360,Female,0,No,No,27,One year,80.32,2168.64,Electronic check,Fiber optic,No,No,Yes,Yes
C0361,Female,0,No,No,42,Month-to-month,85.04,3571.68,Credit card,DSL,Yes,No,Yes,Yes
C0362,Female,0,No,No,10,Month-to-month,45.86,458.6,Credit card,DSL,No,No,Yes,Yes
C0363,Female,0,No,No,15,Two year,77.69,1165.35,Mailed check,Fiber optic,No,Yes,Yes,Yes
C0364,Male,0,No,No,70,One year,49.34,3453.8,Electronic check,Fiber optic,No,No,No,Yes
C0365,Male,1,Yes,No,16,Month-to-month,86.18,1378.88,Credit card,Fiber optic,No,Yes,No,Yes
C0366,Male,0,No,Yes,15,Month-to-month,103.15,1547.25,Credit card,No,No,Yes,Yes,Yes
C0367,Male,0,No,No,17,One year,34.82,591.94,Electronic check,DSL,No,No,No,No
C0368,Female,1,No,No,45,Two year,42.57,1915.65,Bank transfer,Fiber optic,No,Yes,Yes,No
C0369,Male,0,No,Yes,20,One year,101.25,2025.0,Mailed check,DSL,Yes,No,No,No
C0370,Female,0,Yes,Yes,69,One year,89.34,6164.46,Mailed check,Fiber optic,No,No,Yes,No
C0371,Male,0,Yes,Yes,52,Month-to-month,99.65,5181.8,Bank transfer,DSL,Yes,No,Yes,Yes
C0372,Female,0,No,No,39,Two year,67.42,2629.38,Mailed check,DSL,Yes,Yes,No,No
C0373,Female,0,Yes,No,42,Month-to-month,117.7,4943.4,Bank transfer,Fiber optic,Yes,No,Yes,Yes
C0374,Female,0,No,No,43,Two year,72.97,3137.71,Mailed check,Fiber optic,No,No,No,No
C0375,Female,0,Yes,Yes,11,Month-to-month,75.05,825.55,Electronic check,Fiber optic,Yes,No,Yes,Yes
C0376,Male,0,No,No,30,Month-to-month,30.63,918.9,Electronic check,DSL,No,No,Yes,Yes
C0377,Male,0,Yes,Yes,38,Month-to-month,61.5,2337.0,Electronic check,Fiber optic,Yes,Yes,Yes,Yes
C0378,Female,0,Yes,Yes,1,Month-to-month,87.56,87.56,Bank transfer,DSL,No,No,Yes,Yes
C0379,Female,0,Yes,No,36,Month-to-month,27.93,1005.48,Credit card,Fiber optic,No,Yes,Yes,No
C0380,Male,1,No,No,39,Two year,95.51,3724.89,Credit card,Fiber optic,No,Yes,Yes,Yes
C0381,Female,0,Yes,No,1,Month-to-month,118.77,118.77,Bank transfer,DSL,Yes,No,No,Yes
C0382,Female,0,No,No,33,Month-to-month,98.59,3253.47,Electronic check,Fiber optic,Yes,No,Yes,Yes
C0383,Female,0,Yes,No,44,Month-to-month,79.95,3517.8,Bank transfer,No,Yes,Yes,Yes,Yes
C0384,Male,0,No,No,22,Month-to-month,113.54,2497.88,Bank transfer,Fiber optic,No,Yes,Yes,Yes
C0385,Male,0,Yes,No,9,Month-to-month,101.96,917.64,Bank transfer,No,No,Yes,No,Yes
C0386,Female,0,No,Yes,10,Month-to-month,58.67,586.7,Credit card,DSL,Yes,No,Yes,Yes
C0387,Male,1,Yes,Yes,67,Month-to-month,77.39,5185.13,Electronic check,Fiber optic,No,No,No,No
C0388,Male,0,No,No,44,Month-to-month,114.6,5042.4,Electronic check,No,Yes,Yes,Yes,Yes
C0389,Male,0,Yes,No,23,Two year,88.43,2033.89,Mailed check,No,Yes,Yes,Yes,No
C0390,Female,1,No,No,32,Month-to-month,61.54,1969.28,Bank transfer,DSL,Yes,Yes,Yes,Yes
C0391,Female,0,No,Yes,45,Month-to-month,29.7,1336.5,Mailed check,DSL,No,No,Yes,No
C0392,Male,0,Yes,No,55,One year,119.25,6558.75,Electronic check,DSL,No,No,Yes,Yes
C0393,Female,0,Yes,No,19,Month-to-month,93.09,1768.71,Electronic check,Fiber optic,No,No,No,Yes
C0394,Male,1,No,Yes,40,Month-to-month,60.27,2410.8,Credit card,Fiber optic,No,Yes,No,Yes
C0395,Male,0,Yes,No,26,Two year,119.15,3097.9,Bank transfer,DSL,Yes,No,Yes,No
C0396,Female,0,No,No,21,Month-to-month,75.35,1582.35,Mailed check,Fiber optic,Yes,No,Yes,Yes
C0397,Male,0,No,No,57,One year,93.5,5329.5,Electronic check,Fiber optic,No,Yes,Yes,Yes
C0398,Female,0,Yes,Yes,41,Month-to-month,48.56,1990.96,Bank transfer,Fiber optic,Yes,No,No,No
C0399,Female,0,Yes,No,35,Two year,39.63,1387.05,Mailed check,DSL,No,No,No,No
C0400,Male,0,No,Yes,1,Month-to-month,36.46,36.46,Electronic check,DSL,No,Yes,Yes,Yes
C0401,Male,0,Yes,No,39,One year,97.27,3793.53,Bank transfer,Fiber optic,No,Yes,Yes,No
C0402,Male,0,Yes,Yes,4,Month-to-month,53.28,213.12,Bank transfer,Fiber optic,No,No,No,Yes
C0403,Male,1,No,No,8,One year,51.97,415.76,Mailed check,DSL,Yes,Yes,No,Yes
C0404,Male,0,Yes,No,52,Month-to-month,88.05,4578.6,Electronic check,No,No,No,Yes,Yes
C0405,Male,0,No,Yes,50,Month-to-month,25.45,1272.5,Bank transfer,DSL,No,No,No,No
C0406,Male,0,Yes,No,64,One year,59.83,3829.12,Electronic check,DSL,No,No,No,No
C0407,Male,0,No,No,49,One year,84.16,4123.84,Bank transfer,DSL,No,No,Yes,No
C0408,Female,0,Yes,Yes,63,Two year,107.13,6749.19,Mailed check,Fiber optic,Yes,No,Yes,No
C0409,Male,0,No,Yes,26,Month-to-month,50.6,1315.6,Credit card,DSL,Yes,Yes,Yes,No
C0410,Male,0,Yes,No,20,Month-to-month,98.32,1966.4,Mailed check,No,No,No,Yes,Yes
C0411,Male,0,No,No,27,Two year,41.77,1127.79,Electronic check,DSL,Yes,No,No,No
C0412,Female,1,Yes,No,48,Two year,102.96,4942.08,Electronic check,Fiber optic,Yes,No,No,Yes
C0413,Female,0,Yes,No,50,Month-to-month,52.61,2630.5,Bank transfer,DSL,Yes,No,Yes,No
C0414,Male,0,No,No,61,Month-to-month,21.07,1285.27,Electronic check,Fiber optic,No,Yes,Yes,Yes
C0415,Male,0,No,No,64,Month-to-month,33.84,2165.76,Credit card,No,Yes,Yes,No,No
C0416,Male,0,No,No,16,Two year,87.35,1397.6,Bank transfer,DSL,Yes,Yes,No,No
C0417,Female,1,No,Yes,20,Month-to-month,57.64,1152.8,Bank transfer,Fiber optic,No,No,Yes,Yes
C0418,Male,0,Yes,No,38,One year,107.62,4089.56,Electronic check,Fiber optic,Yes,No,Yes,No
C0419,Male,0,No,No,55,Month-to-month,119.43,6568.65,Electronic check,DSL,Yes,Yes,Yes,No
C0420,Female,0,No,No,61,Month-to-month,106.14,6474.54,Bank transfer,No,Yes,No,Yes,Yes
C0421,Female,0,Yes,Yes,65,Two year,59.86,3890.9,Bank transfer,No,Yes,No,No,No
C0422,Female,0,No,No,27,Month-to-month,50.78,1371.06,Bank transfer,DSL,Yes,Yes,Yes,No
C0423,Female,0,Yes,No,29,One year,73.7,2137.3,Mailed check,No,Yes,No,No,No
C0424,Male,0,Yes,No,56,Month-to-month,52.63,2947.28,Mailed check,DSL,No,Yes,No,No
C0425,Female,1,No,No,61,Month-to-month,41.23,2515.03,Bank transfer,DSL,No,No,Yes,Yes
C0426,Male,0,No,No,46,Two year,95.45,4390.7,Electronic check,Fiber optic,No,No,Yes,No
C0427,Male,1,No,No,54,Month-to-month,60.15,3248.1,Electronic check,Fiber optic,Yes,Yes,No,Yes
C0428,Male,0,Yes,No,55,Month-to-month,114.78,6312.9,Bank transfer,DSL,No,Yes,No,No
C0429,Female,0,Yes,No,29,Month-to-month,113.81,3300.49,Bank transfer,No,No,No,No,No
C0430,Female,0,Yes,No,10,Month-to-month,79.65,796.5,Bank transfer,No,Yes,Yes,Yes,Yes
C0431,Male,0,Yes,No,32,Month-to-month,102.4,3276.8,Credit card,DSL,No,No,Yes,Yes
C0432,Female,0,No,No,63,One year,105.37,6638.31,Credit card,Fiber optic,Yes,Yes,Yes,No
C0433,Female,0,Yes,Yes,2,Month-to-month,44.56,89.12,Mailed check,No,Yes,Yes,Yes,No
C0434,Male,0,Yes,Yes,24,Month-to-month,107.66,2583.84,Mailed check,Fiber optic,Yes,No,Yes,No
C0435,Female,0,No,No,47,Two year,24.96,1173.12,Credit card,DSL,No,Yes,No,No
C0436,Female,0,Yes,No,53,Month-to-month,111.72,5921.16,Bank transfer,Fiber optic,Yes,No,Yes,No
C0437,Male,0,No,No,7,Month-to-month,74.46,521.22,Mailed check,DSL,No,No,Yes,Yes
C0438,Female,0,Yes,Yes,16,Month-to-month,86.17,1378.72,Electronic check,DSL,Yes,No,Yes,No
C0439,Female,0,Yes,Yes,2,Month-to-month,67.51,135.02,Mailed check,No,No,No,Yes,Yes
C0440,Male,0,No,No,23,Month-to-month,33.84,778.32,Credit card,Fiber optic,No,No,Yes,Yes
C0441,Female,0,No,No,6,Month-to-month,37.84,227.04,Credit card,DSL,No,No,Yes,No
C0442,Female,0,Yes,Yes,48,Month-to-month,88.04,4225.92,Electronic check,DSL,No,No,No,Yes
C0443,Female,1,No,Yes,21,Two year,90.43,1899.03,Mailed check,No,No,Yes,Yes,Yes
C0444,Male,0,Yes,No,17,Month-to-month,50.28,854.76,Mailed check,Fiber optic,No,No,Yes,Yes
C0445,Male,0,No,No,12,One year,79.17,950.04,Electronic check,DSL,No,No,No,No
C0446,Male,0,Yes,No,8,One year,58.56,468.48,Credit card,Fiber optic,No,No,No,Yes
C0447,Male,0,No,Yes,1,One year,103.64,103.64,Mailed check,No,Yes,No,Yes,Yes
C0448,Male,0,No,Yes,21,Month-to-month,81.42,1709.82,Electronic check,DSL,No,No,Yes,Yes
C0449,Male,0,No,No,52,Month-to-month,118.12,6142.24,Bank transfer,Fiber optic,No,No,Yes,No
C0450,Male,0,Yes,No,18,Month-to-month,59.33,1067.94,Mailed check,Fiber optic,No,Yes,No,Yes
C0451,Female,0,Yes,Yes,52,Two year,106.86,5556.72,Mailed check,Fiber optic,No,Yes,Yes,No
C0452,Male,0,Yes,No,54,Month-to-month,29.56,1596.24,Mailed check,Fiber optic,Yes,Yes,Yes,No
C0453,Female,0,Yes,No,58,Month-to-month,29.96,1737.68,Mailed check,DSL,No,Yes,No,Yes
C0454,Female,0,No,No,23,One year,96.63,2222.49,Electronic check,Fiber optic,No,No,No,Yes
C0455,Male,0,Yes,Yes,7,One year,87.64,613.48,Bank transfer,DSL,Yes,No,Yes,No
C0456,Female,0,No,No,40,Month-to-month,115.21,4608.4,Mailed check,DSL,No,No,No,No
C0457,Female,0,Yes,No,9,Month-to-month,111.32,1001.88,Electronic check,Fiber optic,No,Yes,No,Yes
C0458,Male,0,Yes,Yes,38,Month-to-month,53.22,2022.36,Electronic check,Fiber optic,No,No,Yes,Yes
C0459,Female,0,Yes,No,10,Month-to-month,118.29,1182.9,Credit card,Fiber optic,No,No,Yes,Yes
C0460,Female,0,No,Yes,63,One year,47.4,2986.2,Credit card,Fiber optic,No,Yes,Yes,No
C0461,Female,0,No,No,39,One year,31.82,1240.98,Mailed check,No,No,No,No,No
C0462,Female,0,Yes,No,68,Month-to-month,20.74,1410.32,Credit card,Fiber optic,No,Yes,Yes,Yes
C0463,Male,0,No,No,57,One year,106.44,6067.08,Mailed check,Fiber optic,No,Yes,No,No
C0464,Male,1,Yes,No,55,Month-to-month,92.69,5097.95,Bank transfer,No,Yes,Yes,Yes,No
C0465,Female,0,Yes,No,19,Month-to-month,39.27,746.13,Bank transfer,DSL,Yes,No,Yes,No
C0466,Female,0,Yes,Yes,55,Two year,68.52,3768.6,Credit card,DSL,No,No,No,No
C0467,Male,0,Yes,No,30,Month-to-month,22.18,665.4,Mailed check,Fiber optic,Yes,No,No,Yes
C0468,Female,0,No,No,62,Month-to-month,73.55,4560.1,Mailed check,Fiber optic,Yes,No,No,No
C0469,Female,0,Yes,No,20,Month-to-month,109.04,2180.8,Bank transfer,DSL,No,Yes,No,Yes
C0470,Male,0,No,No,40,Month-to-month,63.96,2558.4,Electronic check,Fiber optic,Yes,Yes,Yes,Yes
C0471,Male,0,Yes,No,66,Two year,87.97,5806.02,Bank transfer,Fiber optic,No,No,No,No
C0472,Male,1,No,No,39,Two year,115.58,4507.62,Electronic check,DSL,No,Yes,Yes,Yes
C0473,Female,0,Yes,No,51,Month-to-month,49.54,2526.54,Bank transfer,DSL,No,Yes,No,Yes
C0474,Male,0,Yes,Yes,15,Month-to-month,53.58,803.7,Electronic check,Fiber optic,No,Yes,No,Yes
C0475,Male,0,No,No,62,Month-to-month,71.29,4419.98,Electronic check,No,Yes,No,No,No
C0476,Female,1,Yes,No,71,Month-to-month,33.14,2352.94,Bank transfer,DSL,No,No,Yes,No
C0477,Male,0,Yes,No,64,Month-to-month,52.1,3334.4,Mailed check,Fiber optic,No,Yes,No,No
C0478,Male,0,No,No,12,Two year,91.12,1093.44,Bank transfer,DSL,No,No,No,No
C0479,Female,0,No,Yes,34,Month-to-month,79.61,2706.74,Mailed check,Fiber optic,Yes,No,Yes,No
C0480,Male,0,No,Yes,51,Month-to-month,39.91,2035.41,Bank transfer,DSL,No,No,Yes,No
C0481,Male,0,No,No,9,Month-to-month,56.67,510.03,Electronic check,Fiber optic,No,No,No,Yes
C0482,Female,0,Yes,No,40,Month-to-month,94.66,3786.4,Electronic check,DSL,No,Yes,Yes,Yes
C0483,Male,0,Yes,Yes,43,Two year,64.42,2770.06,Electronic check,DSL,No,No,No,No
C0484,Male,0,Yes,No,12,Month-to-month,65.8,789.6,Credit card,Fiber optic,No,No,Yes,Yes
C0485,Female,0,No,No,34,Month-to-month,22.71,772.14,Credit card,Fiber optic,Yes,No,Yes,Yes
C0486,Female,0,No,Yes,17,Month-to-month,36.36,618.12,Credit card,DSL,No,Yes,No,No
C0487,Male,0,No,Yes,52,Month-to-month,100.68,5235.36,Bank transfer,DSL,No,Yes,No,No
C0488,Female,0,Yes,No,16,Month-to-month,34.55,552.8,Bank transfer,No,No,No,Yes,No
C0489,Female,0,Yes,No,58,One year,41.99,2435.42,Credit card,Fiber optic,No,Yes,Yes,Yes
C0490,Male,1,Yes,No,9,Two year,105.82,952.38,Electronic check,DSL,No,No,No,No
C0491,Male,0,Yes,Yes,21,Month-to-month,54.78,1150.38,Bank transfer,DSL,Yes,No,No,No
C0492,Female,0,Yes,No,67,Month-to-month,29.7,1989.9,Mailed check,DSL,No,No,No,Yes
C0493,Male,0,No,Yes,49,Month-to-month,111.39,5458.11,Mailed check,No,No,No,No,Yes
C0494,Female,1,Yes,No,16,Month-to-month,79.77,1276.32,Electronic check,No,No,No,Yes,Yes
C0495,Female,0,No,No,46,Two year,55.19,2538.74,Mailed check,Fiber optic,No,Yes,Yes,No
C0496,Male,0,No,No,31,One year,72.71,2254.01,Credit card,Fiber optic,No,No,No,No
C0497,Female,0,Yes,Yes,28,Month-to-month,40.29,1128.12,Electronic check,No,No,Yes,No,No
C0498,Male,1,No,No,5,Two year,88.94,444.7,Bank transfer,DSL,No,Yes,No,Yes
C0499,Female,0,Yes,No,67,One year,52.23,3499.41,Mailed check,Fiber optic,Yes,No,No,No
C0500,Female,0,No,No,1,Month-to-month,115.39,115.39,Credit card,DSL,No,No,Yes,Yes
C0501,Female,0,Yes,No,35,Two year,42.23,1478.05,Bank transfer,DSL,No,Yes,No,No
C0502,Male,0,Yes,Yes,43,Two year,36.54,1571.22,Bank transfer,DSL,No,No,Yes,No
C0503,Female,0,No,Yes,48,One year,110.7,5313.6,Credit card,DSL,No,No,No,No
C0504,Female,0,Yes,Yes,36,Month-to-month,30.47,1096.92,Bank transfer,Fiber optic,No,Yes,Yes,Yes
C0505,Male,0,Yes,Yes,52,Two year,55.41,2881.32,Bank transfer,Fiber optic,No,No,No,No
C0506,Male,0,No,No,60,One year,103.24,6194.4,Bank transfer,No,Yes,No,No,No
C0507,Female,0,Yes,No,2,Month-to-month,98.07,196.14,Bank transfer,No,Yes,No,Yes,Yes
C0508,Male,0,No,No,43,Month-to-month,107.47,4621.21,Electronic check,Fiber optic,Yes,Yes,Yes,Yes
C0509,Female,1,No,No,42,Month-to-month,57.53,2416.26,Mailed check,Fiber optic,Yes,No,Yes,Yes
C0510,Female,0,No,No,58,Month-to-month,101.97,5914.26,Credit card,No,Yes,Yes,No,No
C0511,Female,0,Yes,Yes,69,Two year,116.44,8034.36,Bank transfer,DSL,Yes,Yes,Yes,No
C0512,Female,0,No,Yes,3,One year,61.62,184.86,Electronic check,DSL,No,No,Yes,No
C0513,Male,0,No,No,69,Month-to-month,90.86,6269.34,Bank transfer,Fiber optic,Yes,Yes,No,Yes
C0514,Male,0,No,No,57,Two year,63.21,3602.97,Mailed check,Fiber optic,No,No,Yes,No
C0515,Female,1,Yes,No,52,Month-to-month,107.35,5582.2,Credit card,DSL,Yes,No,Yes,No
C0516,Male,0,No,Yes,19,Month-to-month,96.24,1828.56,Mailed check,DSL,Yes,Yes,Yes,No
C0517,Female,0,Yes,No,33,Month-to-month,93.22,3076.26,Electronic check,DSL,No,No,Yes,Yes
C0518,Male,1,No,No,13,Month-to-month,74.12,963.56,Electronic check,DSL,No,Yes,No,No
C0519,Female,0,No,No,6,Two year,65.11,390.66,Bank transfer,Fiber optic,No,No,Yes,Yes
C0520,Male,0,No,No,26,Month-to-month,83.15,2161.9,Electronic check,Fiber optic,Yes,Yes,Yes,Yes
C0521,Male,1,Yes,Yes,52,Month-to-month,112.66,5858.32,Credit card,Fiber optic,No,No,Yes,Yes
C0522,Female,0,No,Yes,5,Two year,48.94,244.7,Credit card,Fiber optic,No,Yes,Yes,No
C0523,Female,1,No,No,22,One year,88.47,1946.34,Mailed check,DSL,Yes,Yes,Yes,No
C0524,Female,0,Yes,Yes,2,Month-to-month,119.8,239.6,Credit card,No,No,No,No,Yes
C0525,Male,0,Yes,No,9,One year,33.4,300.6,Credit card,DSL,No,Yes,Yes,Yes
C0526,Female,0,Yes,Yes,3,Two year,99.13,297.39,Bank transfer,DSL,No,No,Yes,No
C0527,Male,0,No,No,39,One year,21.7,846.3,Electronic check,No,Yes,Yes,Yes,No
C0528,Male,0,Yes,Yes,52,Month-to-month,65.96,3429.92,Credit card,Fiber optic,Yes,No,Yes,Yes
C0529,Male,0,Yes,No,5,Two year,81.31,406.55,Mailed check,DSL,No,No,Yes,No
C0530,Male,0,Yes,Yes,31,Month-to-month,93.5,2898.5,Credit card,No,No,No,No,Yes
C0531,Female,0,Yes,Yes,47,Month-to-month,30.19,1418.93,Bank transfer,DSL,No,No,No,No
C0532,Male,0,Yes,No,24,Two year,58.51,1404.24,Mailed check,Fiber optic,Yes,Yes,Yes,No
C0533,Female,0,Yes,No,25,Month-to-month,67.45,1686.25,Electronic check,Fiber optic,Yes,No,Yes,No
C0534,Female,0,No,No,18,One year,113.45,2042.1,Mailed check,Fiber optic,No,No,No,No
C0535,Female,0,Yes,No,16,Month-to-month,66.07,1057.12,Credit card,DSL,Yes,Yes,Yes,Yes
C0536,Male,0,No,Yes,17,Month-to-month,69.75,1185.75,Mailed check,DSL,No,Yes,No,No
C0537,Male,0,No,Yes,70,Two year,78.34,5483.8,Bank transfer,Fiber optic,No,No,Yes,Yes
C0538,Male,1,No,Yes,17,Month-to-month,43.44,738.48,Bank transfer,DSL,Yes,No,No,No
C0539,Female,0,No,No,64,Month-to-month,92.86,5943.04,Bank transfer,Fiber optic,Yes,Yes,Yes,Yes
C0540,Female,0,No,No,12,One year,86.7,1040.4,Credit card,DSL,No,Yes,Yes,No
C0541,Male,0,Yes,No,28,Month-to-month,30.84,863.52,Mailed check,No,No,Yes,Yes,No
C0542,Female,0,Yes,Yes,67,Month-to-month,26.29,1761.43,Bank transfer,DSL,Yes,No,No,Yes
C0543,Female,0,No,No,23,Month-to-month,45.47,1045.81,Mailed check,Fiber optic,No,No,Yes,Yes
C0544,Female,0,No,No,6,Month-to-month,76.16,456.96,Electronic check,DSL,Yes,Yes,Yes,Yes
C0545,Female,1,Yes,No,32,One year,49.72,1591.04,Mailed check,DSL,Yes,No,No,No
C0546,Female,0,No,No,18,Two year,40.93,736.74,Mailed check,DSL,No,No,No,No
C0547,Female,0,Yes,No,24,One year,108.88,2613.12,Mailed check,Fiber optic,Yes,No,Yes,Yes
C0548,Male,0,No,No,7,One year,39.04,273.28,Credit card,Fiber optic,Yes,No,Yes,No
C0549,Female,0,Yes,No,69,One year,37.45,2584.05,Bank transfer,Fiber optic,No,No,No,Yes
C0550,Female,0,Yes,Yes,19,One year,95.69,1818.11,Credit card,Fiber optic,Yes,No,No,No
C0551,Female,1,Yes,Yes,63,Month-to-month,23.72,1494.36,Bank transfer,No,No,No,No,No
C0552,Female,0,Yes,No,2,Month-to-month,106.36,212.72,Bank transfer,DSL,No,No,No,Yes
C0553,Male,0,No,Yes,60,One year,104.95,6297.0,Credit card,Fiber optic,No,No,Yes,Yes
C0554,Female,1,No,No,57,Month-to-month,50.29,2866.53,Mailed check,Fiber optic,No,No,No,No
C0555,Male,0,No,No,46,Month-to-month,90.32,4154.72,Electronic check,DSL,No,Yes,Yes,No
C0556,Female,0,Yes,Yes,17,Two year,68.38,1162.46,Electronic check,Fiber optic,Yes,Yes,Yes,No
C0557,Male,1,Yes,Yes,13,Month-to-month,55.94,727.22,Credit card,DSL,Yes,No,Yes,Yes
C0558,Male,0,Yes,No,36,Month-to-month,44.31,1595.16,Mailed check,Fiber optic,Yes,Yes,Yes,No
C0559,Male,0,No,Yes,68,Two year,106.82,7263.76,Bank transfer,Fiber optic,No,Yes,No,No
C0560,Male,0,Yes,No,55,Month-to-month,104.85,5766.75,Credit card,No,No,No,Yes,No
C0561,Female,0,No,Yes,12,One year,39.27,471.24,Electronic check,Fiber optic,No,No,No,No
C0562,Female,0,No,No,28,One year,84.56,2367.68,Bank transfer,No,No,No,No,No
C0563,Male,0,No,No,33,One year,119.06,3928.98,Mailed check,DSL,No,Yes,Yes,No
C0564,Male,0,No,No,16,Month-to-month,108.86,1741.76,Mailed check,DSL,Yes,No,No,Yes
C0565,Female,0,No,Yes,39,Month-to-month,58.56,2283.84,Bank transfer,No,No,No,No,Yes
C0566,Male,0,Yes,No,69,Two year,96.68,6670.92,Credit card,DSL,No,No,No,No
C0567,Male,0,Yes,No,23,Month-to-month,32.61,750.03,Bank transfer,Fiber optic,Yes,Yes,No,No
C0568,Male,0,No,No,33,Month-to-month,75.17,2480.61,Mailed check,No,No,No,Yes,Yes
C0569,Male,0,Yes,Yes,34,Two year,89.11,3029.74,Electronic check,No,No,No,No,No
C0570,Male,0,No,Yes,32,Two year,84.75,2712.0,Credit card,No,No,No,Yes,No
C0571,Female,0,Yes,No,53,One year,21.0,1113.0,Bank transfer,DSL,No,No,Yes,No
C0572,Female,1,Yes,Yes,55,Month-to-month,116.6,6413.0,Electronic check,DSL,Yes,Yes,Yes,No
C0573,Male,0,No,Yes,12,One year,48.68,584.16,Credit card,Fiber optic,Yes,Yes,No,No
C0574,Male,1,Yes,Yes,62,Two year,92.72,5748.64,Mailed check,No,Yes,Yes,Yes,No
C0575,Male,0,Yes,No,19,Month-to-month,55.95,1063.05,Mailed check,No,Yes,Yes,Yes,No
C0576,Female,0,Yes,No,66,One year,38.85,2564.1,Electronic check,No,No,Yes,Yes,No
C0577,Male,0,No,No,11,Month-to-month,72.18,793.98,Bank transfer,Fiber optic,Yes,No,No,No
C0578,Male,0,Yes,No,17,Month-to-month,38.38,652.46,Electronic check,Fiber optic,Yes,Yes,No,No
C0579,Male,1,Yes,No,33,Month-to-month,108.13,3568.29,Credit card,DSL,No,No,Yes,No
C0580,Female,0,Yes,No,22,Month-to-month,67.07,1475.54,Credit card,DSL,Yes,No,Yes,Yes
C0581,Female,0,Yes,No,63,Month-to-month,45.2,2847.6,Credit card,No,No,No,Yes,Yes
C0582,Male,0,No,No,70,Two year,98.19,6873.3,Electronic check,DSL,Yes,No,Yes,No
C0583,Female,0,Yes,No,51,Month-to-month,72.45,3694.95,Mailed check,Fiber optic,No,No,No,Yes
C0584,Female,0,Yes,No,11,Two year,74.93,824.23,Bank transfer,No,No,Yes,Yes,No
C0585,Male,0,No,No,3,One year,89.74,269.22,Mailed check,DSL,No,Yes,No,No
C0586,Female,0,Yes,No,2,Month-to-month,61.8,123.6,Mailed check,DSL,Yes,Yes,Yes,No
C0587,Male,1,Yes,Yes,21,One year,53.2,1117.2,Mailed check,Fiber optic,Yes,Yes,Yes,No
C0588,Female,0,Yes,No,24,Month-to-month,107.45,2578.8,Bank transfer,DSL,Yes,No,No,Yes
C0589,Male,0,No,No,28,One year,40.78,1141.84,Credit card,Fiber optic,No,No,Yes,No
C0590,Female,1,Yes,Yes,2,Month-to-month,22.49,44.98,Electronic check,DSL,Yes,No,No,No
C0591,Female,0,Yes,No,68,Month-to-month,63.87,4343.16,Credit card,DSL,Yes,Yes,Yes,No
C0592,Female,1,No,No,37,Two year,94.57,3499.09,Electronic check,DSL,No,No,Yes,Yes
C0593,Male,0,Yes,No,24,Month-to-month,86.45,2074.8,Credit card,Fiber optic,Yes,No,Yes,No
C0594,Male,0,Yes,Yes,10,Two year,87.92,879.2,Mailed check,DSL,No,No,Yes,No
C0595,Female,1,No,No,6,One year,119.92,719.52,Bank transfer,DSL,Yes,Yes,Yes,No
C0596,Female,0,Yes,No,8,Month-to-month,31.28,250.24,Credit card,No,No,Yes,Yes,Yes
C0597,Female,1,No,No,39,Month-to-month,68.19,2659.41,Electronic check,Fiber optic,Yes,No,No,Yes
C0598,Male,0,Yes,No,10,Month-to-month,59.85,598.5,Credit card,DSL,No,Yes,No,Yes
C0599,Female,0,No,No,28,Month-to-month,66.44,1860.32,Electronic check,Fiber optic,No,No,Yes,Yes
C0600,Female,0,No,No,20,Two year,70.87,1417.4,Mailed check,DSL,No,No,Yes,No
C0601,Female,0,Yes,No,70,Month-to-month,25.99,1819.3,Mailed check,Fiber optic,Yes,No,Yes,No
C0602,Male,0,No,No,19,Month-to-month,81.91,1556.29,Mailed check,DSL,No,No,Yes,No
C0603,Female,0,Yes,No,68,Month-to-month,60.13,4088.84,Bank transfer,No,No,Yes,No,Yes
C0604,Female,0,No,No,71,Month-to-month,110.9,7873.9,Electronic check,No,Yes,No,Yes,Yes
C0605,Male,0,No,Yes,41,Month-to-month,82.0,3362.0,Credit card,DSL,No,No,Yes,Yes
C0606,Male,0,Yes,No,55,Month-to-month,105.45,5799.75,Bank transfer,DSL,No,Yes,No,No
C0607,Male,0,No,Yes,14,Month-to-month,109.62,1534.68,Bank transfer,No,Yes,Yes,Yes,No
C0608,Female,0,Yes,No,17,Two year,57.72,981.24,Electronic check,No,Yes,Yes,No,No
C0609,Male,0,Yes,No,40,Month-to-month,101.22,4048.8,Bank transfer,No,Yes,No,No,No
C0610,Female,0,No,No,26,Month-to-month,29.35,763.1,Mailed check,Fiber optic,Yes,No,Yes,Yes
C0611,Female,1,No,No,14,One year,24.7,345.8,Bank transfer,Fiber optic,No,Yes,Yes,No
C0612,Female,0,Yes,No,3,Month-to-month,108.75,326.25,Electronic check,Fiber optic,No,Yes,Yes,Yes
C0613,Male,0,Yes,No,23,Two year,56.22,1293.06,Mailed check,Fiber optic,No,Yes,No,Yes
C0614,Male,0,Yes,No,62,Two year,97.12,6021.44,Mailed check,DSL,Yes,No,No,Yes
C0615,Male,1,Yes,No,8,Month-to-month,23.11,184.88,Mailed check,No,Yes,Yes,Yes,No
C0616,Female,0,Yes,Yes,65,Month-to-month,38.68,2514.2,Bank transfer,No,No,Yes,Yes,Yes
C0617,Male,1,Yes,No,41,Month-to-month,39.15,1605.15,Bank transfer,Fiber optic,No,Yes,Yes,Yes
C0618,Female,0,Yes,Yes,51,One year,80.38,4099.38,Credit card,Fiber optic,Yes,No,Yes,No
C0619,Male,0,No,No,12,Two year,119.68,1436.16,Bank transfer,DSL,No,Yes,Yes,No
C0620,Female,0,No,No,49,One year,33.55,1643.95,Electronic check,Fiber optic,No,Yes,Yes,Yes
C0621,Female,0,Yes,No,1,Month-to-month,66.01,66.01,Bank transfer,DSL,Yes,No,No,Yes
C0622,Female,0,Yes,No,23,One year,27.44,631.12,Electronic check,Fiber optic,Yes,No,No,No
C0623,Female,1,Yes,No,13,Month-to-month,84.81,1102.53,Electronic check,DSL,No,No,Yes,Yes
C0624,Female,0,No,No,44,Month-to-month,52.01,2288.44,Credit card,No,No,Yes,No,Yes
C0625,Male,0,Yes,Yes,31,Month-to-month,86.41,2678.71,Bank transfer,Fiber optic,No,No,Yes,No
C0626,Male,1,No,Yes,68,Month-to-month,21.08,1433.44,Mailed check,Fiber optic,Yes,No,Yes,Yes
C0627,Male,0,Yes,No,57,Month-to-month,114.51,6527.07,Credit card,DSL,No,No,Yes,No
C0628,Male,0,No,Yes,9,Month-to-month,114.58,1031.22,Bank transfer,DSL,No,Yes,No,Yes
C0629,Male,0,No,No,32,One year,30.4,972.8,Bank transfer,No,No,Yes,No,No
C0630,Male,0,No,Yes,38,Month-to-month,82.92,3150.96,Mailed check,Fiber optic,No,Yes,No,No
C0631,Female,0,Yes,Yes,51,Month-to-month,94.97,4843.47,Credit card,DSL,No,No,No,Yes
C0632,Male,0,No,No,68,Month-to-month,112.22,7630.96,Bank transfer,Fiber optic,Yes,No,No,No
C0633,Male,1,No,Yes,3,Month-to-month,33.11,99.33,Mailed check,Fiber optic,No,No,Yes,Yes
C0634,Female,0,No,Yes,5,Month-to-month,60.66,303.3,Credit card,Fiber optic,No,No,Yes,Yes
C0635,Male,1,No,No,69,One year,113.77,7850.13,Electronic check,No,No,Yes,Yes,No
C0636,Female,0,Yes,No,46,Month-to-month,76.16,3503.36,Credit card,DSL,No,Yes,No,No
C0637,Male,0,Yes,No,15,Two year,97.96,1469.4,Mailed check,DSL,No,No,No,No
C0638,Male,0,No,No,29,Month-to-month,103.32,2996.28,Credit card,No,No,Yes,Yes,Yes
C0639,Female,0,Yes,No,70,Two year,60.88,4261.6,Credit card,DSL,No,Yes,Yes,No
C0640,Male,0,Yes,Yes,64,Month-to-month,63.02,4033.28,Bank transfer,No,Yes,Yes,No,No
C0641,Female,0,Yes,No,41,Month-to-month,74.49,3054.09,Credit card,DSL,No,No,No,Yes
C0642,Female,0,Yes,Yes,3,Month-to-month,68.75,206.25,Credit card,Fiber optic,No,Yes,Yes,Yes
C0643,Female,0,No,No,43,Month-to-month,98.93,4253.99,Bank transfer,DSL,No,No,Yes,Yes
C0644,Male,0,No,No,65,Month-to-month,106.76,6939.4,Bank transfer,DSL,No,No,Yes,Yes
C0645,Male,0,Yes,Yes,46,One year,75.37,3467.02,Credit card,DSL,Yes,Yes,No,No
C0646,Female,0,Yes,No,36,Two year,54.98,1979.28,Electronic check,Fiber optic,Yes,Yes,No,Yes
C0647,Female,1,No,Yes,4,Month-to-month,118.49,473.96,Bank transfer,DSL,No,Yes,No,Yes
C0648,Female,0,No,Yes,37,Month-to-month,93.17,3447.29,Bank transfer,DSL,No,No,Yes,Yes
C0649,Female,0,No,No,57,Month-to-month,36.36,2072.52,Mailed check,Fiber optic,Yes,No,No,No
C0650,Male,0,No,Yes,31,Month-to-month,117.59,3645.29,Mailed check,DSL,No,No,Yes,No
C0651,Female,0,No,No,6,One year,50.14,300.84,Bank transfer,Fiber optic,Yes,No,Yes,Yes
C0652,Female,0,Yes,Yes,17,Month-to-month,63.38,1077.46,Bank transfer,Fiber optic,No,Yes,No,No
C0653,Male,0,No,No,69,Month-to-month,85.31,5886.39,Mailed check,DSL,No,No,No,Yes
C0654,Female,1,No,Yes,58,Month-to-month,22.3,1293.4,Electronic check,No,Yes,Yes,Yes,No
C0655,Female,1,No,Yes,33,Month-to-month,90.79,2996.07,Electronic check,Fiber optic,Yes,No,Yes,Yes
C0656,Female,0,Yes,No,29,Two year,80.78,2342.62,Mailed check,Fiber optic,Yes,Yes,Yes,No
C0657,Female,0,Yes,No,12,One year,81.42,977.04,Electronic check,DSL,No,Yes,No,Yes
C0658,Male,0,No,No,41,Two year,64.67,2651.47,Credit card,DSL,Yes,No,Yes,No
C0659,Female,0,Yes,No,61,Two year,30.94,1887.34,Credit card,Fiber optic,Yes,No,No,No
C0660,Female,0,No,No,52,Month-to-month,117.15,6091.8,Bank transfer,DSL,No,Yes,No,No
C0661,Female,0,Yes,No,21,Month-to-month,116.16,2439.36,Electronic check,Fiber optic,No,Yes,Yes,Yes
C0662,Male,0,Yes,No,51,Two year,113.11,5768.61,Mailed check,Fiber optic,No,Yes,No,Yes
C0663,Female,1,Yes,No,33,Two year,90.13,2974.29,Electronic check,Fiber optic,Yes,No,Yes,No
C0664,Male,0,No,No,70,Month-to-month,43.84,3068.8,Credit card,No,No,Yes,Yes,Yes
C0665,Female,0,Yes,No,27,Month-to-month,72.86,1967.22,Electronic check,No,No,No,Yes,No
C0666,Male,0,No,No,57,Two year,23.77,1354.89,Credit card,Fiber optic,No,Yes,No,No
C0667,Male,0,No,No,59,One year,87.18,5143.62,Electronic check,Fiber optic,Yes,Yes,Yes,No
C0668,Male,0,Yes,No,6,Two year,24.78,148.68,Credit card,No,No,No,No,No
C0669,Male,0,No,No,50,One year,110.4,5520.0,Mailed check,DSL,No,Yes,No,No
C0670,Male,0,No,No,32,Month-to-month,44.53,1424.96,Electronic check,Fiber optic,Yes,No,No,No
C0671,Male,0,No,No,33,Month-to-month,85.06,2806.98,Credit card,No,No,No,No,No
C0672,Male,0,Yes,Yes,67,Month-to-month,52.66,3528.22,Credit card,Fiber optic,Yes,Yes,Yes,No
C0673,Male,0,No,No,49,Month-to-month,79.18,3879.82,Bank transfer,DSL,Yes,Yes,No,No
C0674,Female,0,Yes,No,41,One year,23.84,977.44,Electronic check,Fiber optic,No,No,Yes,No
C0675,Male,0,Yes,Yes,32,One year,108.28,3464.96,Electronic check,Fiber optic,No,No,No,Yes
C0676,Male,0,No,No,35,One year,93.96,3288.6,Credit card,Fiber optic,Yes,Yes,No,No
C0677,Male,1,Yes,Yes,36,One year,32.68,1176.48,Electronic check,Fiber optic,No,No,Yes,Yes
C0678,Female,0,No,Yes,68,One year,54.02,3673.36,Electronic check,DSL,No,Yes,Yes,Yes
C0679,Female,0,No,No,37,Month-to-month,89.53,3312.61,Electronic check,DSL,No,Yes,Yes,Yes
C0680,Male,0,No,No,48,Month-to-month,90.75,4356.0,Electronic check,Fiber optic,No,Yes,No,No
C0681,Female,0,Yes,No,59,One year,77.98,4600.82,Bank transfer,DSL,No,Yes,No,No
C0682,Female,0,No,No,66,Two year,32.86,2168.76,Mailed check,Fiber optic,No,No,Yes,No
C0683,Male,0,Yes,No,15,Month-to-month,77.72,1165.8,Mailed check,No,No,No,Yes,Yes
C0684,Female,1,Yes,No,29,Two year,49.85,1445.65,Mailed check,No,Yes,No,No,Yes
C0685,Male,0,Yes,Yes,25,One year,48.68,1217.0,Electronic check,DSL,Yes,No,Yes,No
C0686,Female,0,No,No,3,Two year,40.34,121.02,Electronic check,DSL,No,No,Yes,Yes
C0687,Female,0,No,No,69,Month-to-month,91.95,6344.55,Electronic check,No,Yes,Yes,Yes,Yes
C0688,Female,0,No,No,59,Month-to-month,114.05,6728.95,Bank transfer,No,No,Yes,Yes,No
C0689,Male,0,Yes,No,11,Month-to-month,76.07,836.77,Mailed check,DSL,Yes,No,Yes,No
C0690,Female,0,No,No,64,Month-to-month,106.91,6842.24,Bank transfer,Fiber optic,No,Yes,Yes,Yes
C0691,Male,0,Yes,Yes,45,Month-to-month,50.32,2264.4,Mailed check,Fiber optic,No,Yes,Yes,No
C0692,Male,0,No,Yes,56,One year,51.64,2891.84,Bank transfer,No,Yes,Yes,Yes,No
C0693,Female,0,No,No,17,Month-to-month,74.36,1264.12,Mailed check,Fiber optic,Yes,No,Yes,No
C0694,Female,0,Yes,No,35,Month-to-month,59.41,2079.35,Bank transfer,DSL,No,Yes,Yes,No
C0695,Female,0,Yes,No,9,Month-to-month,61.54,553.86,Bank transfer,Fiber optic,Yes,No,No,Yes
C0696,Male,0,Yes,No,47,Two year,86.92,4085.24,Electronic check,Fiber optic,No,No,No,Yes
C0697,Female,0,No,Yes,71,One year,37.85,2687.35,Bank transfer,DSL,No,Yes,No,No
C0698,Male,0,Yes,Yes,6,Month-to-month,31.31,187.86,Credit card,Fiber optic,No,No,Yes,Yes
C0699,Male,0,No,No,45,One year,92.89,4180.05,Bank transfer,No,Yes,No,Yes,No
C0700,Female,0,Yes,Yes,71,Month-to-month,23.86,1694.06,Electronic check,No,Yes,Yes,Yes,No
C0701,Male,1,Yes,Yes,26,Month-to-month,28.44,739.44,Electronic check,DSL,Yes,Yes,No,No
C0702,Male,0,No,No,69,Month-to-month,88.83,6129.27,Bank transfer,DSL,No,No,No,Yes
C0703,Female,0,Yes,No,21,Month-to-month,51.48,1081.08,Electronic check,DSL,Yes,Yes,Yes,Yes
C0704,Male,0,No,No,17,Two year,76.85,1306.45,Bank transfer,Fiber optic,No,Yes,No,No
C0705,Female,0,No,No,66,Two year,47.2,3115.2,Mailed check,Fiber optic,Yes,Yes,Yes,No
C0706,Female,0,No,No,61,One year,102.16,6231.76,Electronic check,DSL,No,Yes,No,No
C0707,Male,0,Yes,Yes,10,Month-to-month,25.28,252.8,Electronic check,Fiber optic,No,No,Yes,Yes
C0708,Female,0,No,No,25,One year,111.16,2779.0,Electronic check,Fiber optic,No,Yes,Yes,Yes
C0709,Female,0,Yes,No,47,Month-to-month,116.57,5478.79,Mailed check,DSL,No,Yes,Yes,Yes
C0710,Female,0,No,Yes,63,Two year,45.0,2835.0,Bank transfer,Fiber optic,No,Yes,Yes,No
C0711,Male,0,Yes,No,36,One year,115.06,4142.16,Credit card,Fiber optic,Yes,No,No,No
C0712,Male,0,Yes,No,3,Month-to-month,39.11,117.33,Mailed check,Fiber optic,No,No,No,No
C0713,Male,0,No,Yes,57,Month-to-month,94.23,5371.11,Electronic check,Fiber optic,No,Yes,No,Yes
C0714,Female,0,No,Yes,19,Month-to-month,72.98,1386.62,Electronic check,DSL,No,Yes,No,No
C0715,Male,0,Yes,No,51,Month-to-month,76.71,3912.21,Bank transfer,Fiber optic,No,No,Yes,Yes
C0716,Male,0,Yes,No,61,One year,57.39,3500.79,Bank transfer,No,Yes,Yes,No,No
C0717,Male,1,No,No,48,Month-to-month,90.65,4351.2,Bank transfer,Fiber optic,No,Yes,No,Yes
C0718,Male,0,No,Yes,47,Month-to-month,21.95,1031.65,Credit card,No,Yes,No,No,No
C0719,Female,0,Yes,No,6,Two year,39.8,238.8,Bank transfer,DSL,Yes,No,Yes,Yes
C0720,Female,0,Yes,No,71,Month-to-month,53.48,3797.08,Mailed check,DSL,Yes,Yes,No,No
C0721,Male,0,No,No,29,One year,76.7,2224.3,Mailed check,Fiber optic,Yes,No,Yes,Yes
C0722,Male,0,No,No,34,Two year,101.08,3436.72,Credit card,No,No,No,No,Yes
C0723,Male,0,Yes,No,42,Two year,100.43,4218.06,Electronic check,DSL,Yes,Yes,Yes,No
C0724,Female,0,No,Yes,21,Month-to-month,52.43,1101.03,Mailed check,DSL,No,Yes,No,No
C0725,Female,0,No,No,24,One year,65.33,1567.92,Bank transfer,Fiber optic,Yes,No,Yes,Yes
C0726,Female,0,Yes,No,36,Month-to-month,105.99,3815.64,Credit card,DSL,No,No,No,Yes
C0727,Female,0,No,No,63,One year,80.48,5070.24,Bank transfer,Fiber optic,No,Yes,No,No
C0728,Female,0,Yes,No,56,Month-to-month,59.81,3349.36,Bank transfer,DSL,Yes,No,No,No
C0729,Female,0,No,No,42,Month-to-month,71.04,2983.68,Electronic check,No,No,Yes,Yes,No
C0730,Male,0,Yes,No,50,Two year,98.83,4941.5,Credit card,DSL,No,Yes,Yes,No
C0731,Female,0,No,Yes,42,Two year,84.0,3528.0,Electronic check,No,No,No,Yes,Yes
C0732,Female,1,Yes,No,24,Month-to-month,64.12,1538.88,Credit card,DSL,No,Yes,No,Yes
C0733,Male,0,Yes,Yes,42,One year,66.25,2782.5,Bank transfer,No,No,No,No,Yes
C0734,Female,0,No,No,33,One year,101.12,3336.96,Bank transfer,DSL,No,No,No,No
C0735,Female,0,Yes,No,19,Month-to-month,73.09,1388.71,Credit card,DSL,Yes,No,Yes,No
C0736,Female,0,No,No,41,One year,81.83,3355.03,Bank transfer,DSL,Yes,No,Yes,No
C0737,Female,0,No,No,24,One year,62.34,1496.16,Mailed check,Fiber optic,Yes,No,No,No
C0738,Female,0,Yes,Yes,51,Two year,96.67,4930.17,Credit card,No,No,Yes,Yes,No
C0739,Male,0,Yes,Yes,53,Month-to-month,105.0,5565.0,Electronic check,No,Yes,No,No,Yes
C0740,Female,0,No,No,44,Month-to-month,65.22,2869.68,Credit card,DSL,Yes,No,Yes,No
C0741,Female,0,No,No,26,Month-to-month,33.03,858.78,Electronic check,DSL,Yes,No,Yes,Yes
C0742,Male,0,Yes,No,32,Two year,44.67,1429.44,Mailed check,Fiber optic,Yes,No,Yes,No
C0743,Male,0,Yes,No,44,One year,76.51,3366.44,Credit card,No,Yes,No,No,No
C0744,Female,0,No,No,15,One year,58.2,873.0,Electronic check,No,Yes,No,No,Yes
C0745,Female,1,Yes,No,27,One year,116.41,3143.07,Credit card,DSL,Yes,Yes,Yes,No
C0746,Female,0,Yes,Yes,47,Month-to-month,69.0,3243.0,Electronic check,DSL,No,Yes,Yes,Yes
C0747,Female,0,Yes,No,61,Month-to-month,66.87,4079.07,Electronic check,No,Yes,No,No,No
C0748,Male,0,Yes,No,54,Two year,86.51,4671.54,Credit card,Fiber optic,No,Yes,Yes,No
C0749,Male,0,No,No,42,Month-to-month,34.85,1463.7,Electronic check,Fiber optic,No,Yes,Yes,Yes
C0750,Male,0,Yes,No,26,Month-to-month,89.76,2333.76,Bank transfer,Fiber optic,Yes,No,No,Yes
C0751,Female,0,Yes,No,47,Month-to-month,48.54,2281.38,Mailed check,No,No,No,No,Yes
C0752,Female,0,No,No,52,Two year,104.57,5437.64,Electronic check,DSL,No,No,Yes,Yes
C0753,Female,0,Yes,Yes,63,Month-to-month,45.7,2879.1,Credit card,Fiber optic,No,No,No,No
C0754,Female,0,Yes,Yes,41,Month-to-month,48.69,1996.29,Mailed check,DSL,No,Yes,No,Yes
C0755,Male,0,Yes,No,3,Two year,42.15,126.45,Electronic check,Fiber optic,No,No,No,No
C0756,Female,0,Yes,No,31,One year,20.87,646.97,Bank transfer,No,Yes,Yes,Yes,No
C0757,Female,1,No,No,64,One year,27.95,1788.8,Electronic check,Fiber optic,Yes,Yes,Yes,No
C0758,Female,0,No,No,12,One year,71.15,853.8,Bank transfer,Fiber optic,Yes,No,Yes,No
C0759,Male,0,Yes,No,60,Month-to-month,63.05,3783.0,Electronic check,Fiber optic,Yes,No,Yes,Yes
C0760,Male,0,Yes,No,15,Two year,55.81,837.15,Electronic check,Fiber optic,No,No,Yes,No
C0761,Female,0,Yes,No,12,One year,96.8,1161.6,Credit card,No,No,Yes,Yes,No
C0762,Male,0,Yes,Yes,35,Two year,20.82,728.7,Electronic check,No,No,No,Yes,No
C0763,Male,0,Yes,No,10,Month-to-month,74.59,745.9,Electronic check,DSL,Yes,No,Yes,No
C0764,Male,0,No,Yes,11,Two year,59.47,654.17,Bank transfer,Fiber optic,No,No,Yes,Yes
C0765,Male,0,No,No,28,Month-to-month,80.58,2256.24,Credit card,No,No,No,Yes,Yes
C0766,Male,0,Yes,No,37,Two year,106.35,3934.95,Mailed check,Fiber optic,Yes,No,Yes,No
C0767,Male,0,No,No,33,Month-to-month,45.85,1513.05,Credit card,No,No,No,No,Yes
C0768,Male,0,No,No,24,Month-to-month,48.41,1161.84,Credit card,DSL,No,Yes,Yes,Yes
C0769,Male,0,No,Yes,13,One year,79.94,1039.22,Credit card,Fiber optic,No,Yes,Yes,No
C0770,Male,0,Yes,No,2,One year,39.69,79.38,Mailed check,Fiber optic,No,Yes,Yes,Yes
C0771,Male,0,Yes,No,21,Two year,45.32,951.72,Electronic check,DSL,No,Yes,Yes,No
C0772,Female,0,No,No,54,Month-to-month,73.53,3970.62,Mailed check,Fiber optic,Yes,Yes,Yes,Yes
C0773,Female,1,No,Yes,29,One year,67.18,1948.22,Electronic check,Fiber optic,No,Yes,No,No
C0774,Female,0,Yes,No,20,Month-to-month,33.7,674.0,Credit card,Fiber optic,Yes,No,No,No
C0775,Female,0,No,No,20,Month-to-month,96.79,1935.8,Bank transfer,DSL,Yes,Yes,Yes,Yes
C0776,Female,1,No,No,36,Month-to-month,65.96,2374.56,Bank transfer,DSL,No,Yes,No,Yes
C0777,Female,0,Yes,Yes,70,Two year,78.34,5483.8,Electronic check,DSL,No,Yes,No,No
C0778,Female,1,No,No,49,Month-to-month,49.89,2444.61,Electronic check,Fiber optic,Yes,Yes,Yes,Yes
C0779,Female,0,No,Yes,37,Month-to-month,69.66,2577.42,Electronic check,DSL,No,No,No,Yes
C0780,Male,0,No,No,26,Two year,81.56,2120.56,Electronic check,DSL,No,No,Yes,Yes
C0781,Male,0,No,No,5,Two year,76.02,380.1,Mailed check,DSL,No,No,Yes,Yes
C0782,Female,0,Yes,No,16,Month-to-month,20.73,331.68,Mailed check,DSL,No,Yes,Yes,Yes
C0783,Female,0,No,No,9,Month-to-month,25.19,226.71,Mailed check,No,No,Yes,Yes,Yes
C0784,Male,0,No,No,30,One year,31.16,934.8,Mailed check,DSL,No,Yes,Yes,No
C0785,Female,0,No,No,12,Month-to-month,77.09,925.08,Mailed check,Fiber optic,Yes,No,No,No
C0786,Male,0,Yes,No,60,Month-to-month,62.09,3725.4,Credit card,Fiber optic,Yes,Yes,Yes,Yes
C0787,Female,0,No,Yes,60,Month-to-month,51.44,3086.4,Electronic check,No,Yes,Yes,No,No
C0788,Male,1,No,Yes,24,One year,97.35,2336.4,Mailed check,No,Yes,No,Yes,No
C0789,Female,0,Yes,Yes,53,One year,86.15,4565.95,Electronic check,Fiber optic,No,No,Yes,Yes
C0790,Female,0,No,No,33,One year,52.87,1744.71,Electronic check,Fiber optic,No,Yes,No,No
C0791,Male,0,Yes,No,51,Two year,101.8,5191.8,Bank transfer,Fiber optic,Yes,Yes,Yes,No
C0792,Female,0,No,No,40,Month-to-month,113.19,4527.6,Mailed check,No,No,No,Yes,Yes
C0793,Female,0,No,No,69,One year,48.67,3358.23,Bank transfer,Fiber optic,Yes,Yes,Yes,No
C0794,Male,0,No,No,10,Month-to-month,107.15,1071.5,Credit card,Fiber optic,Yes,No,Yes,Yes
C0795,Female,0,No,Yes,52,One year,56.39,2932.28,Electronic check,No,No,No,Yes,Yes
C0796,Male,1,No,No,21,Two year,45.68,959.28,Credit card,Fiber optic,Yes,Yes,Yes,No
C0797,Female,0,Yes,No,54,Month-to-month,77.55,4187.7,Bank transfer,No,No,Yes,Yes,No
C0798,Male,0,Yes,Yes,16,Month-to-month,102.47,1639.52,Electronic check,DSL,No,Yes,No,Yes
C0799,Male,0,Yes,No,71,One year,72.33,5135.43,Electronic check,DSL,No,No,No,Yes
C0800,Male,0,Yes,No,5,Two year,24.14,120.7,Credit card,Fiber optic,Yes,Yes,No,Yes
C0801,Female,0,Yes,No,23,Month-to-month,97.16,2234.68,Credit card,Fiber optic,Yes,Yes,Yes,Yes
C0802,Female,0,Yes,No,60,Two year,72.78,4366.8,Mailed check,Fiber optic,No,Yes,Yes,No
C0803,Male,0,No,No,39,Two year,59.3,2312.7,Credit card,No,No,No,No,No
C0804,Female,0,No,No,10,One year,75.22,752.2,Credit card,Fiber optic,Yes,No,No,Yes
C0805,Female,0,Yes,No,3,Month-to-month,70.82,212.46,Mailed check,DSL,No,No,Yes,Yes
C0806,Female,0,No,No,42,Month-to-month,51.83,2176.86,Mailed check,DSL,No,Yes,No,No
C0807,Female,0,No,No,65,Month-to-month,46.59,3028.35,Credit card,Fiber optic,Yes,No,No,No
C0808,Male,0,Yes,No,48,Month-to-month,39.15,1879.2,Credit card,DSL,Yes,No,Yes,No
C0809,Female,1,Yes,No,47,Month-to-month,75.46,3546.62,Mailed check,No,No,Yes,No,No
C0810,Female,0,No,Yes,71,Month-to-month,107.52,7633.92,Mailed check,Fiber optic,No,Yes,No,No
C0811,Female,0,No,No,13,Month-to-month,83.14,1080.82,Mailed check,Fiber optic,Yes,No,Yes,Yes
C0812,Male,0,Yes,No,56,Two year,65.14,3647.84,Electronic check,Fiber optic,No,No,Yes,No
C0813,Female,0,Yes,No,42,One year,35.41,1487.22,Mailed check,Fiber optic,Yes,Yes,Yes,No
C0814,Female,0,No,Yes,18,Month-to-month,38.89,700.02,Bank transfer,DSL,No,No,Yes,Yes
C0815,Male,0,Yes,Yes,38,Month-to-month,97.49,3704.62,Bank transfer,DSL,No,No,No,Yes
C0816,Female,0,No,Yes,69,Month-to-month,48.92,3375.48,Electronic check,DSL,No,No,Yes,Yes
C0817,Female,0,No,No,36,Month-to-month,61.8,2224.8,Credit card,No,No,Yes,No,No
C0818,Female,0,No,Yes,13,Month-to-month,73.83,959.79,Mailed check,Fiber optic,No,No,No,No
C0819,Female,0,No,Yes,21,Two year,70.52,1480.92,Electronic check,Fiber optic,Yes,Yes,No,No
C0820,Female,0,Yes,No,1,Month-to-month,75.53,75.53,Bank transfer,DSL,No,Yes,No,No
C0821,Male,0,Yes,No,3,Month-to-month,114.23,342.69,Bank transfer,Fiber optic,Yes,Yes,No,Yes
C0822,Female,0,No,No,5,One year,37.42,187.1,Bank transfer,Fiber optic,No,Yes,No,No
C0823,Male,0,No,No,1,Month-to-month,59.62,59.62,Mailed check,Fiber optic,No,Yes,No,Yes
C0824,Male,0,Yes,No,8,One year,38.86,310.88,Credit card,DSL,No,No,Yes,No
C0825,Male,0,No,Yes,48,One year,106.29,5101.92,Bank transfer,DSL,No,No,Yes,Yes
C0826,Female,0,Yes,Yes,27,Two year,91.51,2470.77,Electronic check,Fiber optic,Yes,No,No,No
C0827,Female,0,Yes,Yes,57,One year,57.8,3294.6,Credit card,DSL,Yes,No,Yes,Yes
C0828,Female,0,No,No,31,Month-to-month,60.72,1882.32,Electronic check,DSL,No,Yes,Yes,Yes
C0829,Female,0,No,No,48,Month-to-month,79.82,3831.36,Bank transfer,DSL,No,No,No,Yes
C0830,Male,0,No,Yes,60,Month-to-month,104.42,6265.2,Electronic check,Fiber optic,No,No,Yes,Yes
C0831,Female,0,Yes,No,48,Month-to-month,34.87,1673.76,Mailed check,Fiber optic,Yes,No,Yes,No
C0832,Male,0,Yes,No,53,Month-to-month,99.27,5261.31,Electronic check,No,Yes,No,Yes,No
C0833,Male,1,No,Yes,31,Month-to-month,86.18,2671.58,Mailed check,Fiber optic,No,No,Yes,Yes
C0834,Female,1,Yes,No,22,One year,32.1,706.2,Bank transfer,DSL,Yes,No,No,No
C0835,Female,0,No,No,24,Month-to-month,20.78,498.72,Credit card,Fiber optic,Yes,Yes,Yes,Yes
C0836,Female,0,Yes,Yes,69,Month-to-month,103.2,7120.8,Mailed check,Fiber optic,No,Yes,Yes,Yes
C0837,Female,0,Yes,Yes,12,Month-to-month,115.01,1380.12,Credit card,DSL,Yes,Yes,Yes,No
C0838,Male,1,No,No,61,Month-to-month,66.94,4083.34,Credit card,Fiber optic,No,Yes,Yes,Yes
C0839,Male,0,Yes,No,44,Month-to-month,118.89,5231.16,Bank transfer,No,Yes,No,Yes,No
C0840,Female,0,Yes,Yes,9,Month-to-month,79.32,713.88,Mailed check,DSL,Yes,Yes,Yes,Yes
C0841,Female,0,No,No,40,Month-to-month,90.39,3615.6,Electronic check,DSL,Yes,No,Yes,Yes
C0842,Male,0,Yes,No,8,One year,44.88,359.04,Credit card,Fiber optic,No,Yes,Yes,Yes
C0843,Male,0,Yes,No,2,Month-to-month,88.74,177.48,Bank transfer,Fiber optic,No,Yes,Yes,Yes
C0844,Female,0,No,No,18,Month-to-month,26.85,483.3,Mailed check,Fiber optic,No,No,No,Yes
C0845,Male,0,Yes,No,30,Month-to-month,54.31,1629.3,Electronic check,DSL,Yes,Yes,No,No
C0846,Female,1,No,No,4,Month-to-month,40.54,162.16,Bank transfer,Fiber optic,No,Yes,No,Yes
C0847,Female,0,Yes,No,26,One year,39.05,1015.3,Bank transfer,Fiber optic,Yes,Yes,No,No
C0848,Male,0,No,Yes,68,Month-to-month,35.82,2435.76,Bank transfer,Fiber optic,Yes,No,Yes,No
C0849,Male,0,Yes,No,35,Month-to-month,70.1,2453.5,Credit card,DSL,Yes,Yes,No,No
C0850,Male,0,No,Yes,8,Two year,67.86,542.88,Bank transfer,Fiber optic,No,Yes,No,Yes
C0851,Male,0,No,No,3,Month-to-month,50.54,151.62,Electronic check,Fiber optic,Yes,Yes,No,Yes
C0852,Female,0,Yes,No,21,Month-to-month,34.08,715.68,Electronic check,Fiber optic,No,No,Yes,Yes
C0853,Female,0,Yes,Yes,47,Month-to-month,103.56,4867.32,Electronic check,No,No,Yes,No,Yes
C0854,Female,1,No,No,1,Two year,98.07,98.07,Mailed check,DSL,No,No,Yes,Yes
C0855,Female,0,No,No,18,Month-to-month,84.77,1525.86,Bank transfer,Fiber optic,Yes,No,Yes,No
C0856,Male,0,No,No,29,Month-to-month,97.91,2839.39,Mailed check,DSL,Yes,Yes,Yes,No
C0857,Female,0,No,Yes,64,One year,94.63,6056.32,Mailed check,Fiber optic,No,Yes,Yes,No
C0858,Female,0,No,No,63,One year,99.25,6252.75,Credit card,DSL,Yes,No,Yes,No
C0859,Male,0,Yes,Yes,62,Two year,39.74,2463.88,Electronic check,Fiber optic,No,Yes,No,Yes
C0860,Male,0,No,No,53,Two year,38.04,2016.12,Bank transfer,Fiber optic,Yes,Yes,Yes,Yes
C0861,Male,0,Yes,Yes,37,Month-to-month,89.56,3313.72,Bank transfer,No,No,No,Yes,No
C0862,Female,1,No,No,66,Month-to-month,68.81,4541.46,Bank transfer,Fiber optic,No,No,Yes,Yes
C0863,Female,0,No,Yes,68,Month-to-month,50.48,3432.64,Credit card,DSL,No,Yes,Yes,No
C0864,Female,0,Yes,No,71,One year,66.04,4688.84,Mailed check,Fiber optic,Yes,No,No,No
C0865,Male,1,No,Yes,58,Month-to-month,97.11,5632.38,Mailed check,Fiber optic,No,No,Yes,Yes
C0866,Male,0,Yes,No,64,Two year,105.9,6777.6,Electronic check,No,Yes,No,Yes,Yes
C0867,Male,0,Yes,Yes,71,Two year,72.76,5165.96,Mailed check,Fiber optic,No,No,No,No
C0868,Female,1,No,No,33,One year,86.55,2856.15,Bank transfer,No,No,No,Yes,No
C0869,Male,0,No,No,38,Month-to-month,79.91,3036.58,Mailed check,DSL,Yes,Yes,No,No
C0870,Female,0,No,No,48,Month-to-month,87.34,4192.32,Electronic check,No,No,Yes,Yes,No
C0871,Male,0,No,No,52,Month-to-month,91.78,4772.56,Bank transfer,Fiber optic,No,Yes,Yes,Yes
C0872,Female,0,No,No,67,Two year,20.02,1341.34,Mailed check,DSL,Yes,Yes,No,No
C0873,Female,0,Yes,No,17,Month-to-month,110.77,1883.09,Electronic check,DSL,No,Yes,Yes,No
C0874,Female,0,No,No,41,One year,51.13,2096.33,Bank transfer,Fiber optic,No,No,No,No
C0875,Female,0,No,No,45,One year,39.89,1795.05,Credit card,DSL,No,Yes,Yes,No
C0876,Female,0,No,No,26,Month-to-month,55.36,1439.36,Bank transfer,Fiber optic,No,Yes,No,Yes
C0877,Male,0,Yes,No,6,Two year,20.02,120.12,Mailed check,Fiber optic,No,No,Yes,No
C0878,Male,0,No,No,37,Two year,67.01,2479.37,Credit card,Fiber optic,Yes,No,Yes,No
C0879,Male,0,Yes,No,48,Month-to-month,67.92,3260.16,Electronic check,Fiber optic,Yes,Yes,Yes,No
C0880,Female,0,Yes,No,24,One year,63.55,1525.2,Credit card,DSL,No,No,Yes,Yes
C0881,Male,0,No,No,44,Month-to-month,96.3,4237.2,Bank transfer,Fiber optic,No,No,Yes,Yes
C0882,Female,0,No,No,10,Month-to-month,22.85,228.5,Electronic check,No,Yes,No,Yes,Yes
C0883,Female,1,No,No,27,Two year,109.51,2956.77,Mailed check,Fiber optic,Yes,No,Yes,Yes
C0884,Male,1,Yes,No,46,One year,96.41,4434.86,Credit card,Fiber optic,Yes,Yes,No,No
C0885,Female,0,Yes,No,20,Month-to-month,67.71,1354.2,Electronic check,Fiber optic,No,No,Yes,Yes
C0886,Female,0,No,No,45,One year,88.12,3965.4,Electronic check,Fiber optic,No,No,No,Yes
C0887,Female,0,No,No,34,Month-to-month,25.68,873.12,Bank transfer,No,No,No,No,No
C0888,Male,1,Yes,No,20,One year,42.7,854.0,Mailed check,DSL,Yes,Yes,No,No
C0889,Male,0,No,Yes,23,One year,118.14,2717.22,Electronic check,DSL,No,Yes,Yes,No
C0890,Male,0,No,Yes,15,Month-to-month,29.42,441.3,Credit card,DSL,Yes,No,Yes,No
C0891,Female,0,No,Yes,13,Month-to-month,103.73,1348.49,Credit card,DSL,No,No,Yes,Yes
C0892,Female,0,Yes,Yes,30,Two year,87.86,2635.8,Electronic check,DSL,Yes,Yes,No,No
C0893,Female,0,Yes,Yes,27,Two year,104.51,2821.77,Credit card,Fiber optic,Yes,No,Yes,Yes
C0894,Female,0,No,No,17,Month-to-month,65.54,1114.18,Credit card,No,No,No,Yes,Yes
C0895,Female,0,Yes,No,25,Month-to-month,33.99,849.75,Mailed check,Fiber optic,Yes,Yes,Yes,Yes
C0896,Male,0,Yes,Yes,39,Month-to-month,45.04,1756.56,Credit card,No,Yes,Yes,Yes,Yes
C0897,Male,0,Yes,Yes,8,Month-to-month,66.09,528.72,Mailed check,Fiber optic,No,No,Yes,Yes
C0898,Female,0,No,No,69,Two year,92.29,6368.01,Electronic check,Fiber optic,No,No,Yes,No
C0899,Male,1,No,Yes,29,One year,51.51,1493.79,Credit card,Fiber optic,Yes,No,No,No
C0900,Female,1,No,No,50,Month-to-month,46.18,2309.0,Mailed check,Fiber optic,Yes,No,Yes,Yes
C0901,Male,0,No,No,25,Month-to-month,74.61,1865.25,Bank transfer,DSL,No,Yes,Yes,No
C0902,Male,1,No,No,66,One year,45.29,2989.14,Credit card,DSL,No,No,Yes,No
C0903,Female,0,No,No,13,One year,86.91,1129.83,Electronic check,No,No,Yes,Yes,No
C0904,Male,0,No,No,69,One year,69.68,4807.92,Mailed check,DSL,No,Yes,No,No
C0905,Female,0,Yes,No,25,Month-to-month,30.81,770.25,Bank transfer,Fiber optic,Yes,No,Yes,Yes
C0906,Female,0,No,No,53,Two year,107.41,5692.73,Credit card,Fiber optic,Yes,No,No,No
C0907,Male,0,Yes,No,41,Two year,43.57,1786.37,Electronic check,No,Yes,No,Yes,No
C0908,Male,0,Yes,Yes,33,Month-to-month,75.28,2484.24,Bank transfer,DSL,No,Yes,Yes,No
C0909,Female,1,No,No,18,One year,78.0,1404.0,Mailed check,DSL,No,Yes,No,No
C0910,Female,0,Yes,No,58,One year,34.21,1984.18,Mailed check,Fiber optic,No,No,Yes,Yes
C0911,Male,1,No,Yes,40,Month-to-month,51.74,2069.6,Bank transfer,Fiber optic,No,No,Yes,No
C0912,Female,1,Yes,Yes,33,Month-to-month,64.81,2138.73,Bank transfer,DSL,Yes,No,Yes,No
C0913,Male,0,Yes,No,47,One year,25.3,1189.1,Mailed check,DSL,No,Yes,No,No
C0914,Female,0,Yes,No,60,One year,44.6,2676.0,Mailed check,Fiber optic,No,No,No,No
C0915,Male,0,No,Yes,38,Month-to-month,35.89,1363.82,Mailed check,DSL,No,Yes,Yes,No
C0916,Female,0,Yes,No,65,Month-to-month,113.8,7397.0,Bank transfer,No,No,Yes,Yes,No
C0917,Male,1,No,No,53,One year,104.04,5514.12,Credit card,DSL,No,Yes,No,No
C0918,Female,1,No,Yes,14,One year,58.87,824.18,Bank transfer,Fiber optic,Yes,No,No,No
C0919,Female,1,No,Yes,27,One year,114.5,3091.5,Bank transfer,DSL,Yes,No,Yes,No
C0920,Female,0,Yes,No,29,One year,36.82,1067.78,Credit card,Fiber optic,No,Yes,Yes,No
C0921,Male,0,Yes,No,71,Month-to-month,63.6,4515.6,Mailed check,Fiber optic,No,No,Yes,Yes
C0922,Female,1,No,No,19,One year,45.23,859.37,Credit card,Fiber optic,Yes,No,Yes,No
C0923,Male,0,No,Yes,16,Month-to-month,81.22,1299.52,Bank transfer,DSL,No,No,Yes,Yes
C0924,Male,0,Yes,No,60,One year,91.92,5515.2,Electronic check,No,No,Yes,Yes,No
C0925,Female,1,Yes,Yes,65,Month-to-month,75.78,4925.7,Bank transfer,No,Yes,No,Yes,No
C0926,Male,0,No,No,3,Month-to-month,91.41,274.23,Mailed check,No,Yes,No,No,Yes
C0927,Male,0,Yes,No,18,One year,67.9,1222.2,Electronic check,DSL,No,No,No,No
C0928,Female,0,Yes,No,55,Month-to-month,60.19,3310.45,Bank transfer,Fiber optic,No,No,Yes,Yes
C0929,Female,0,No,No,40,Two year,29.1,1164.0,Bank transfer,DSL,Yes,No,No,No
C0930,Female,0,Yes,No,38,Month-to-month,42.49,1614.62,Mailed check,DSL,No,No,No,Yes
C0931,Female,0,Yes,No,17,One year,67.72,1151.24,Mailed check,DSL,Yes,Yes,No,No
C0932,Female,0,No,No,6,Month-to-month,53.47,320.82,Mailed check,DSL,No,Yes,Yes,Yes
C0933,Female,1,Yes,No,43,One year,107.12,4606.16,Bank transfer,Fiber optic,No,No,No,Yes
C0934,Female,0,Yes,No,28,Two year,33.45,936.6,Credit card,DSL,Yes,Yes,No,No
C0935,Male,1,Yes,No,64,Month-to-month,77.91,4986.24,Credit card,Fiber optic,No,Yes,No,No
C0936,Male,1,Yes,No,47,Month-to-month,61.95,2911.65,Mailed check,Fiber optic,Yes,No,Yes,No
C0937,Female,0,No,No,34,Month-to-month,51.86,1763.24,Bank transfer,No,No,No,Yes,Yes
C0938,Male,0,Yes,No,10,One year,71.25,712.5,Mailed check,Fiber optic,No,No,Yes,Yes
C0939,Female,0,Yes,Yes,71,Month-to-month,97.18,6899.78,Electronic check,No,No,Yes,Yes,No
C0940,Female,0,Yes,No,62,Month-to-month,104.67,6489.54,Bank transfer,DSL,No,Yes,Yes,No
C0941,Female,0,Yes,No,55,One year,57.07,3138.85,Credit card,DSL,No,Yes,No,No
C0942,Female,0,Yes,No,47,Month-to-month,94.98,4464.06,Electronic check,DSL,No,Yes,Yes,No
C0943,Female,0,No,No,65,Month-to-month,119.68,7779.2,Electronic check,DSL,No,Yes,No,No
C0944,Female,0,Yes,No,23,One year,56.42,1297.66,Electronic check,DSL,No,No,Yes,No
C0945,Male,0,No,No,56,Month-to-month,77.96,4365.76,Mailed check,No,No,No,Yes,Yes
C0946,Male,1,No,Yes,17,One year,38.27,650.59,Electronic check,Fiber optic,Yes,No,Yes,No
C0947,Male,0,No,Yes,65,Month-to-month,114.83,7463.95,Bank transfer,DSL,No,No,No,Yes
C0948,Male,0,No,No,16,Month-to-month,64.25,1028.0,Bank transfer,Fiber optic,Yes,No,Yes,Yes
C0949,Female,0,No,Yes,21,Two year,70.91,1489.11,Mailed check,Fiber optic,Yes,No,No,No
C0950,Female,0,No,No,22,Month-to-month,103.72,2281.84,Credit card,DSL,No,No,Yes,No
C0951,Female,0,No,No,11,One year,31.8,349.8,Electronic check,No,No,No,No,Yes
C0952,Male,0,Yes,Yes,51,Two year,32.86,1675.86,Electronic check,Fiber optic,No,Yes,No,Yes
C0953,Female,0,No,No,37,Month-to-month,70.67,2614.79,Credit card,No,No,No,No,Yes
C0954,Female,0,No,No,69,Month-to-month,105.53,7281.57,Mailed check,Fiber optic,No,No,Yes,Yes
C0955,Female,0,No,No,29,One year,90.87,2635.23,Electronic check,DSL,No,No,No,No
C0956,Male,0,Yes,No,18,One year,72.51,1305.18,Credit card,Fiber optic,Yes,No,Yes,No
C0957,Male,0,Yes,No,70,Two year,28.14,1969.8,Bank transfer,Fiber optic,No,No,Yes,No
C0958,Male,0,No,Yes,62,Month-to-month,37.52,2326.24,Electronic check,Fiber optic,No,No,Yes,Yes
C0959,Male,0,Yes,Yes,41,Month-to-month,99.22,4068.02,Electronic check,Fiber optic,Yes,Yes,No,No
C0960,Female,0,No,No,25,Two year,105.9,2647.5,Mailed check,DSL,Yes,No,No,Yes
C0961,Female,0,No,No,20,Month-to-month,103.45,2069.0,Bank transfer,Fiber optic,No,No,No,No
C0962,Male,1,Yes,No,2,Two year,39.81,79.62,Bank transfer,DSL,Yes,No,No,No
C0963,Male,1,No,No,35,Two year,118.17,4135.95,Electronic check,Fiber optic,Yes,No,Yes,No
C0964,Male,0,No,No,34,Two year,51.51,1751.34,Credit card,Fiber optic,No,Yes,No,No
C0965,Female,0,No,Yes,22,Month-to-month,35.88,789.36,Credit card,No,Yes,No,No,No
C0966,Female,0,Yes,Yes,64,Month-to-month,60.02,3841.28,Electronic check,Fiber optic,No,Yes,Yes,No
C0967,Male,0,Yes,No,7,Month-to-month,112.67,788.69,Credit card,Fiber optic,Yes,No,Yes,Yes
C0968,Male,0,Yes,No,10,One year,107.69,1076.9,Mailed check,Fiber optic,Yes,No,No,Yes
C0969,Male,0,Yes,No,29,Two year,59.79,1733.91,Credit card,No,No,Yes,No,No
C0970,Female,1,No,No,70,One year,68.93,4825.1,Electronic check,DSL,Yes,No,Yes,No
C0971,Female,0,No,No,38,One year,89.56,3403.28,Credit card,No,No,Yes,No,No
C0972,Male,0,No,No,45,Month-to-month,85.46,3845.7,Bank transfer,No,No,Yes,Yes,Yes
C0973,Female,0,No,No,22,Month-to-month,85.12,1872.64,Electronic check,DSL,Yes,Yes,Yes,Yes
C0974,Male,0,No,No,14,One year,21.33,298.62,Bank transfer,Fiber optic,No,Yes,Yes,No
C0975,Male,0,No,Yes,36,Month-to-month,96.94,3489.84,Credit card,DSL,No,No,No,Yes
C0976,Male,0,Yes,No,8,Month-to-month,25.97,207.76,Bank transfer,No,Yes,Yes,Yes,Yes
C0977,Male,0,No,No,48,One year,40.95,1965.6,Credit card,DSL,No,No,No,Yes
C0978,Female,1,No,No,21,Month-to-month,57.11,1199.31,Electronic check,Fiber optic,Yes,No,No,No
C0979,Female,1,No,Yes,3,Two year,114.01,342.03,Credit card,Fiber optic,No,Yes,No,Yes
C0980,Male,0,No,No,37,One year,34.74,1285.38,Credit card,DSL,Yes,No,No,No
C0981,Female,0,No,No,69,Two year,37.96,2619.24,Credit card,Fiber optic,No,Yes,Yes,No
C0982,Female,0,Yes,No,51,Month-to-month,28.6,1458.6,Mailed check,No,No,No,No,Yes
C0983,Female,0,No,No,19,Month-to-month,83.38,1584.22,Credit card,Fiber optic,Yes,Yes,Yes,No
C0984,Male,1,No,No,48,Month-to-month,82.26,3948.48,Credit card,DSL,No,No,No,Yes
C0985,Female,0,No,Yes,46,Month-to-month,63.75,2932.5,Credit card,DSL,Yes,No,No,No
C0986,Male,0,No,No,27,Month-to-month,25.25,681.75,Mailed check,Fiber optic,No,Yes,Yes,Yes
C0987,Male,0,Yes,Yes,45,Two year,21.04,946.8,Electronic check,Fiber optic,Yes,Yes,No,No
C0988,Male,0,Yes,No,11,Month-to-month,87.1,958.1,Credit card,DSL,No,No,Yes,Yes
C0989,Male,1,Yes,No,62,Month-to-month,79.57,4933.34,Bank transfer,No,No,No,Yes,No
C0990,Female,0,No,No,69,Month-to-month,102.11,7045.59,Credit card,Fiber optic,Yes,Yes,Yes,Yes
C0991,Female,0,Yes,No,13,Month-to-month,76.34,992.42,Bank transfer,DSL,Yes,Yes,Yes,Yes
C0992,Male,0,Yes,No,46,Two year,20.82,957.72,Bank transfer,No,Yes,No,Yes,No
C0993,Female,0,No,Yes,43,Two year,45.4,1952.2,Mailed check,DSL,No,Yes,Yes,Yes
C0994,Male,0,No,Yes,64,Month-to-month,49.56,3171.84,Credit card,No,No,No,No,No
C0995,Female,0,Yes,Yes,18,One year,86.43,1555.74,Bank transfer,DSL,No,No,No,Yes
C0996,Female,0,Yes,No,55,Month-to-month,96.61,5313.55,Credit card,DSL,No,Yes,No,Yes
C0997,Female,0,Yes,Yes,59,One year,94.3,5563.7,Bank transfer,No,No,No,No,Yes
C0998,Male,0,Yes,No,53,One year,92.45,4899.85,Credit card,DSL,No,No,No,No
C0999,Female,0,Yes,No,58,One year,62.89,3647.62,Electronic check,Fiber optic,Yes,Yes,No,No
C1000,Male,0,No,No,38,Month-to-month,63.42,2409.96,Credit card,DSL,Yes,Yes,No,No
